Customer_ID,Age,Income,Loan_Amount,Credit_Score,Loan_Term,Default_Status
CUST100000,59,117603.41,192209.53,588,60,No
CUST100001,49,110648.97,145330.71,626,72,Yes
CUST100002,35,125469.51,133442.91,715,84,No
CUST100003,63,66023.87,128296.57,712,24,No
CUST100004,28,77390.61,146226.37,604,36,No
CUST100005,41,32083.94,123127.34,574,84,Yes
CUST100006,59,106923.36,189488.58,705,84,No
CUST100007,39,40805.51,126282.99,663,12,Yes
CUST100008,43,75419.39,245577.85,850,72,No
CUST100009,31,42567.44,237912.63,683,12,Yes
CUST100010,31,55278.33,96507.39,843,12,No
CUST100011,44,49068.44,154182.26,574,36,Yes
CUST100012,56,54803.12,110960.6,538,60,Yes
CUST100013,60,56521.93,130401.15,579,72,Yes
CUST100014,44,56293.28,270145.65,787,72,No
CUST100015,23,90833.35,131545.71,838,84,No
CUST100016,42,42378.43,171613.56,609,36,Yes
CUST100017,22,75513.54,182479.28,638,72,No
CUST100018,44,100448.98,89962.24,574,24,No
CUST100019,64,57170.09,98694.27,516,48,Yes
CUST100020,50,52052.03,77638.66,744,84,No
CUST100021,58,64236.88,96841.76,700,48,No
CUST100022,22,99493.13,5000.0,680,48,No
CUST100023,41,74852.69,182674.94,553,12,Yes
CUST100024,53,56719.64,273251.63,827,72,No
CUST100025,32,82096.92,158869.24,634,84,No
CUST100026,42,42442.7,65023.87,728,36,No
CUST100027,64,87033.99,111433.42,549,72,Yes
CUST100028,45,80215.18,122467.39,662,36,No
CUST100029,47,62304.79,88944.91,706,72,No
CUST100030,62,49035.36,201610.96,709,84,No
CUST100031,48,47832.98,198615.6,693,84,No
CUST100032,36,83370.43,80672.89,724,12,No
CUST100033,35,100724.51,193504.86,578,84,No
CUST100034,64,54067.31,241608.76,697,24,Yes
CUST100035,23,81459.67,264153.49,690,48,No
CUST100036,57,20000.0,321912.72,700,48,No
CUST100037,27,55384.56,95880.44,686,72,No
CUST100038,41,69223.53,319453.23,565,12,No
CUST100039,29,47257.91,128747.62,561,48,Yes
CUST100040,59,46587.34,114452.07,480,72,Yes
CUST100041,38,53305.51,169624.34,753,84,Yes
CUST100042,24,77304.82,115076.32,754,60,No
CUST100043,45,65316.77,173942.65,755,72,Yes
CUST100044,34,20000.0,70795.37,707,36,Yes
CUST100045,29,20000.0,135674.84,488,48,Yes
CUST100046,46,54828.37,227134.93,587,48,Yes
CUST100047,22,81442.16,146576.32,695,60,No
CUST100048,40,20000.0,158495.75,692,84,Yes
CUST100049,48,57506.75,178515.52,659,24,Yes
CUST100050,27,56843.8,220239.7,713,72,No
CUST100051,64,104708.44,50686.52,681,24,No
CUST100052,28,60374.45,185071.44,690,72,Yes
CUST100053,55,79574.72,133911.65,622,60,No
CUST100054,34,73531.43,159998.27,768,24,No
CUST100055,37,20000.0,213597.01,641,12,Yes
CUST100056,56,89205.18,78348.8,560,60,Yes
CUST100057,60,75384.91,89241.33,610,84,No
CUST100058,24,82706.72,33874.2,648,72,Yes
CUST100059,22,168155.94,117050.46,769,36,No
CUST100060,26,20000.0,229825.94,676,84,No
CUST100061,62,113117.42,142764.77,663,84,No
CUST100062,24,62813.81,69592.51,567,36,No
CUST100063,49,77183.22,120859.28,750,36,No
CUST100064,38,68862.19,60728.3,621,72,No
CUST100065,46,59394.09,82488.83,670,84,No
CUST100066,64,55754.18,173329.13,813,48,Yes
CUST100067,54,78237.72,79567.6,725,60,No
CUST100068,30,32070.66,216758.06,533,60,Yes
CUST100069,56,88764.48,145732.78,520,24,Yes
CUST100070,34,59595.14,155135.68,674,60,Yes
CUST100071,51,41748.27,133297.62,570,84,No
CUST100072,35,58749.68,196370.87,738,60,No
CUST100073,28,101428.73,196989.59,683,84,No
CUST100074,34,56616.62,170103.26,694,24,No
CUST100075,43,78961.34,183887.35,616,60,Yes
CUST100076,60,51726.09,137274.62,836,60,No
CUST100077,41,88948.05,182532.18,850,12,No
CUST100078,36,87137.69,129727.33,654,72,No
CUST100079,65,116215.22,150133.9,711,24,No
CUST100080,38,65610.9,133521.38,688,12,No
CUST100081,44,86716.37,122566.89,656,48,No
CUST100082,46,72451.69,108653.29,605,24,No
CUST100083,45,102396.79,178061.41,582,84,No
CUST100084,65,52029.19,228636.35,577,72,Yes
CUST100085,61,88625.13,220266.12,716,60,Yes
CUST100086,49,65132.57,74606.08,633,84,No
CUST100087,35,68395.3,227352.18,447,60,Yes
CUST100088,65,72293.81,130910.49,720,12,No
CUST100089,21,76306.01,186043.98,676,12,Yes
CUST100090,45,67094.27,95627.08,801,48,No
CUST100091,27,75367.83,158518.79,713,48,No
CUST100092,29,109452.95,168823.39,546,72,No
CUST100093,44,94636.24,60923.71,479,60,Yes
CUST100094,21,91728.86,186496.03,615,84,Yes
CUST100095,64,58611.51,230756.1,623,36,Yes
CUST100096,28,47768.98,139521.12,764,84,No
CUST100097,44,93882.51,231610.09,679,48,No
CUST100098,31,91901.17,138618.39,782,60,No
CUST100099,37,106816.77,200975.07,560,84,No
CUST100100,28,54900.48,16885.8,766,84,No
CUST100101,55,64261.28,295126.67,744,48,No
CUST100102,55,29012.9,239727.49,498,84,Yes
CUST100103,53,60188.22,132922.47,799,84,No
CUST100104,25,94914.26,31674.66,688,24,No
CUST100105,62,58337.62,167281.7,715,12,No
CUST100106,59,86011.99,63364.47,602,60,Yes
CUST100107,61,65237.42,176691.21,794,84,No
CUST100108,48,78101.43,174693.94,573,48,Yes
CUST100109,27,41307.72,93515.81,754,12,No
CUST100110,29,72130.24,217258.02,753,84,No
CUST100111,28,20000.0,198334.48,592,84,Yes
CUST100112,32,65327.6,208549.4,850,36,No
CUST100113,54,29238.17,150531.46,700,48,Yes
CUST100114,53,100149.86,65068.56,738,60,No
CUST100115,43,89435.18,208672.34,542,24,No
CUST100116,44,81666.77,133777.72,850,12,No
CUST100117,57,108025.16,66613.19,569,12,No
CUST100118,55,46277.09,231122.36,772,24,No
CUST100119,64,113684.08,275964.45,590,60,Yes
CUST100120,60,93304.79,147525.11,624,72,No
CUST100121,42,64086.12,279547.27,750,36,No
CUST100122,47,98390.5,155478.88,772,72,No
CUST100123,55,42342.66,127172.65,565,84,Yes
CUST100124,21,49387.15,112172.49,778,24,Yes
CUST100125,55,54785.26,248224.94,774,36,No
CUST100126,57,56775.56,103191.37,595,60,Yes
CUST100127,34,43586.06,194116.16,823,48,No
CUST100128,23,100577.08,116450.17,548,48,No
CUST100129,21,63528.64,122381.59,623,72,No
CUST100130,25,78812.62,211814.98,723,60,No
CUST100131,46,55741.22,127197.79,603,36,Yes
CUST100132,34,24484.92,125712.28,703,72,No
CUST100133,59,76751.43,217968.28,701,24,No
CUST100134,47,22193.63,245843.84,663,72,Yes
CUST100135,29,68284.15,188681.39,754,60,No
CUST100136,35,35792.12,110713.81,659,84,Yes
CUST100137,35,119681.9,119363.49,700,60,No
CUST100138,46,92784.07,154794.92,783,48,No
CUST100139,62,72643.84,169255.8,751,24,Yes
CUST100140,33,101592.67,90728.05,750,48,No
CUST100141,52,48842.1,193382.28,576,36,Yes
CUST100142,59,83586.98,155130.8,727,36,No
CUST100143,52,74995.26,47057.5,600,12,No
CUST100144,24,76600.5,94264.41,564,60,Yes
CUST100145,50,101808.84,119752.28,673,24,No
CUST100146,57,88312.3,145628.54,598,24,No
CUST100147,43,77218.09,263356.73,751,48,No
CUST100148,59,28627.81,164290.28,753,72,Yes
CUST100149,65,45998.84,99553.69,508,72,Yes
CUST100150,35,66932.28,163237.85,605,48,No
CUST100151,63,72334.31,128874.74,548,84,No
CUST100152,49,41744.91,169485.49,638,72,Yes
CUST100153,56,130291.92,184834.06,720,24,No
CUST100154,33,107909.85,222553.84,658,48,Yes
CUST100155,52,85052.96,148542.81,626,72,No
CUST100156,27,71800.92,248337.63,797,12,No
CUST100157,42,64694.78,204481.36,472,60,Yes
CUST100158,48,46202.04,107553.63,791,12,Yes
CUST100159,22,71937.01,282591.34,631,72,Yes
CUST100160,62,76443.81,169619.67,672,36,Yes
CUST100161,65,38955.99,99892.53,632,24,Yes
CUST100162,26,78354.41,249174.78,818,12,Yes
CUST100163,48,66118.52,274666.66,569,12,No
CUST100164,48,22304.81,148018.48,681,48,No
CUST100165,64,48490.37,119780.98,727,48,Yes
CUST100166,64,59659.86,139657.5,535,48,Yes
CUST100167,40,117192.19,192883.9,597,72,No
CUST100168,50,83913.83,226671.4,666,84,Yes
CUST100169,31,36612.96,184229.24,600,84,Yes
CUST100170,48,82150.91,156103.39,606,36,No
CUST100171,45,31317.4,239880.71,648,12,Yes
CUST100172,59,97067.28,131229.81,738,60,No
CUST100173,53,58221.88,211855.16,649,48,No
CUST100174,21,67659.1,132716.23,777,36,No
CUST100175,47,103144.92,175861.38,590,72,Yes
CUST100176,33,37820.91,143186.25,567,36,Yes
CUST100177,61,35072.05,146648.87,850,48,Yes
CUST100178,23,55410.02,127356.81,620,24,Yes
CUST100179,59,95959.47,230691.24,562,12,Yes
CUST100180,26,32016.35,106024.44,523,48,Yes
CUST100181,28,20000.0,105586.06,776,60,No
CUST100182,47,58721.03,277259.61,649,12,No
CUST100183,29,83793.52,208670.85,657,36,Yes
CUST100184,57,100006.54,6893.18,665,84,No
CUST100185,53,58420.97,116084.48,771,60,No
CUST100186,62,59714.33,41280.64,663,12,No
CUST100187,64,98847.52,92958.56,850,60,No
CUST100188,44,23256.46,5000.0,692,36,Yes
CUST100189,35,60286.98,141780.63,775,48,No
CUST100190,52,74760.6,81483.49,752,84,No
CUST100191,52,81230.47,153594.32,676,60,No
CUST100192,44,57254.83,52492.72,627,48,No
CUST100193,61,70861.03,154974.71,709,84,No
CUST100194,32,20000.0,125105.02,725,36,Yes
CUST100195,59,53543.79,240117.18,628,84,No
CUST100196,22,81337.72,234681.41,694,36,No
CUST100197,23,45442.65,197120.74,791,60,Yes
CUST100198,57,71474.61,130403.17,850,60,No
CUST100199,37,81171.81,269122.82,756,36,No
CUST100200,22,61436.27,56817.88,847,60,No
CUST100201,22,74261.59,65786.48,623,60,No
CUST100202,48,45931.69,144973.01,743,60,No
CUST100203,43,64834.72,285242.29,800,72,Yes
CUST100204,57,85255.4,137859.67,599,60,Yes
CUST100205,52,73924.32,139005.29,636,12,No
CUST100206,53,55336.72,63485.38,836,36,No
CUST100207,21,75605.41,206755.78,592,36,Yes
CUST100208,39,87865.24,207190.58,559,24,Yes
CUST100209,22,20000.0,197344.51,817,48,No
CUST100210,64,98976.85,112246.76,787,24,No
CUST100211,46,61593.63,107597.59,718,60,No
CUST100212,52,80637.25,72412.66,675,60,No
CUST100213,26,99931.17,155032.35,640,84,No
CUST100214,52,35708.16,85175.56,705,12,No
CUST100215,24,52263.97,79355.01,822,12,No
CUST100216,31,62786.28,124578.56,701,12,No
CUST100217,37,50406.16,120650.63,850,12,No
CUST100218,58,113373.41,117721.29,599,12,Yes
CUST100219,44,48580.7,177986.68,678,12,Yes
CUST100220,25,56111.33,154742.87,646,12,No
CUST100221,54,75109.73,132710.64,582,12,No
CUST100222,26,39946.26,160980.78,666,84,Yes
CUST100223,42,60107.98,90508.38,717,72,No
CUST100224,31,77936.33,156316.72,727,12,Yes
CUST100225,36,61678.49,159036.15,850,36,No
CUST100226,53,67665.33,59817.19,721,12,No
CUST100227,29,56766.7,209741.63,783,48,No
CUST100228,26,32138.24,97113.98,685,12,Yes
CUST100229,36,78039.83,155418.59,831,72,No
CUST100230,49,113873.33,219864.7,850,84,No
CUST100231,23,70460.04,205540.61,727,60,Yes
CUST100232,40,75631.6,152060.0,590,72,Yes
CUST100233,56,87318.07,128250.06,630,72,No
CUST100234,39,38266.74,206850.71,705,60,Yes
CUST100235,46,112562.87,190481.7,721,12,No
CUST100236,23,75058.22,112898.1,742,84,No
CUST100237,39,110796.42,102306.38,721,84,No
CUST100238,40,51674.18,25658.69,680,12,No
CUST100239,52,115451.55,159241.91,622,60,No
CUST100240,27,89378.89,145038.14,716,48,No
CUST100241,61,83826.0,218171.48,846,24,No
CUST100242,53,75850.61,171543.31,771,36,No
CUST100243,60,63786.78,230053.75,728,60,No
CUST100244,59,100013.29,108158.15,772,12,No
CUST100245,38,73509.0,218289.02,646,36,No
CUST100246,60,20823.26,118265.02,634,12,Yes
CUST100247,21,42070.34,196655.76,612,24,Yes
CUST100248,31,65353.86,62474.5,668,24,No
CUST100249,48,77749.97,164108.12,642,60,Yes
CUST100250,45,68585.29,30918.72,788,36,No
CUST100251,43,100474.27,133971.75,637,72,No
CUST100252,51,21222.45,176421.24,607,84,Yes
CUST100253,50,73589.7,118741.89,850,84,No
CUST100254,62,24550.52,86973.74,639,36,No
CUST100255,55,88992.81,200767.11,693,72,No
CUST100256,27,67638.53,143792.23,720,24,Yes
CUST100257,36,80490.25,120625.76,577,12,Yes
CUST100258,46,48402.93,152513.76,791,84,Yes
CUST100259,22,101986.62,308200.15,737,72,No
CUST100260,21,96043.12,219210.17,820,72,No
CUST100261,32,84588.61,219754.42,618,60,No
CUST100262,25,66762.07,176132.78,688,48,Yes
CUST100263,57,84496.43,159989.12,683,24,Yes
CUST100264,52,52327.69,6235.06,703,72,No
CUST100265,29,91388.89,109261.18,549,24,No
CUST100266,61,111237.02,121165.54,689,60,No
CUST100267,55,96765.26,37506.48,551,12,No
CUST100268,39,51759.94,80555.05,712,36,No
CUST100269,36,79035.43,31149.81,488,24,Yes
CUST100270,23,37671.46,147700.57,513,60,Yes
CUST100271,40,84309.76,199125.96,753,60,Yes
CUST100272,44,81265.09,216406.47,630,60,No
CUST100273,53,23254.59,174887.07,591,84,No
CUST100274,44,40955.4,92196.22,794,84,Yes
CUST100275,31,62921.53,34076.09,709,84,No
CUST100276,28,62478.51,44587.88,758,36,No
CUST100277,56,39763.08,73861.05,665,84,No
CUST100278,58,79724.47,96668.42,850,24,No
CUST100279,60,76286.84,140415.09,625,72,No
CUST100280,40,65143.27,89150.15,837,60,No
CUST100281,55,51105.21,170338.55,674,36,Yes
CUST100282,45,96217.68,136063.59,531,84,No
CUST100283,55,111385.18,150632.74,723,12,No
CUST100284,45,57910.96,218415.03,708,48,No
CUST100285,49,54695.83,79186.1,585,24,No
CUST100286,38,82280.19,175122.27,597,36,No
CUST100287,38,61049.27,149161.61,677,48,Yes
CUST100288,22,66515.07,129990.82,711,48,No
CUST100289,55,88491.33,203115.38,457,84,Yes
CUST100290,36,22266.1,202740.85,774,36,Yes
CUST100291,61,102957.56,93210.55,635,72,No
CUST100292,56,71817.01,139070.36,560,72,No
CUST100293,53,59712.67,166872.7,764,36,Yes
CUST100294,24,67769.15,133619.6,677,36,No
CUST100295,53,69060.73,185101.28,789,60,No
CUST100296,34,26719.97,166871.52,719,12,Yes
CUST100297,41,107373.46,259953.67,679,72,Yes
CUST100298,40,71033.14,58183.25,666,60,Yes
CUST100299,28,81075.05,142653.84,723,48,No
CUST100300,27,93788.74,95489.85,642,48,No
CUST100301,23,44470.94,186246.45,603,48,No
CUST100302,37,81836.8,52969.69,734,36,No
CUST100303,53,63308.97,170778.76,666,24,No
CUST100304,32,91169.27,112197.09,683,60,Yes
CUST100305,42,20000.0,105950.29,778,24,Yes
CUST100306,42,67522.64,63210.11,669,84,No
CUST100307,50,54929.48,122095.44,681,12,No
CUST100308,58,80806.57,215070.03,626,12,No
CUST100309,58,81751.1,148488.68,718,60,No
CUST100310,65,52309.35,187660.83,711,48,No
CUST100311,28,52195.65,249878.51,761,84,Yes
CUST100312,47,67233.37,165825.34,627,72,Yes
CUST100313,47,47583.94,116472.03,638,12,Yes
CUST100314,54,91049.59,178035.13,751,24,No
CUST100315,41,60769.82,117342.23,702,24,No
CUST100316,50,20000.0,119734.64,598,72,Yes
CUST100317,53,60629.45,58806.43,797,36,No
CUST100318,48,44036.4,205575.45,527,48,Yes
CUST100319,53,29218.1,126839.85,750,36,No
CUST100320,25,39064.33,160925.89,566,60,Yes
CUST100321,39,72735.21,87842.28,849,12,No
CUST100322,24,103216.02,176156.86,540,72,No
CUST100323,55,77829.61,104283.53,783,72,No
CUST100324,37,54837.42,141497.48,672,72,Yes
CUST100325,64,81397.6,202669.56,647,36,No
CUST100326,48,58522.74,197445.56,696,36,Yes
CUST100327,50,52634.99,148678.2,736,60,No
CUST100328,49,41140.93,43912.14,598,24,No
CUST100329,26,26204.28,329568.63,606,24,No
CUST100330,55,60251.91,254751.54,738,84,No
CUST100331,61,73951.34,193360.49,526,60,Yes
CUST100332,57,67584.41,104807.77,627,72,No
CUST100333,44,59600.83,143184.47,850,24,Yes
CUST100334,49,46356.35,117394.77,592,60,No
CUST100335,51,85206.15,225831.36,783,24,No
CUST100336,55,37071.7,165750.17,627,84,Yes
CUST100337,53,89400.7,102950.17,725,60,No
CUST100338,41,44944.57,121754.69,738,24,No
CUST100339,52,51189.12,217271.29,781,72,No
CUST100340,43,33330.37,246005.87,661,36,No
CUST100341,53,57464.95,241699.89,850,36,Yes
CUST100342,23,94382.81,195421.92,626,84,Yes
CUST100343,38,82890.7,134842.51,701,72,No
CUST100344,45,94460.55,5000.0,702,24,No
CUST100345,62,83053.56,167829.6,579,72,No
CUST100346,51,42408.25,149890.27,654,60,No
CUST100347,23,61730.27,158398.93,694,36,Yes
CUST100348,60,50495.02,153233.84,641,12,No
CUST100349,44,103264.37,70424.27,850,84,No
CUST100350,52,40080.28,183444.51,604,24,No
CUST100351,42,92342.44,187932.98,786,12,No
CUST100352,43,92323.85,190940.33,757,12,No
CUST100353,22,115740.51,206794.62,678,84,Yes
CUST100354,47,59757.84,186243.1,602,48,No
CUST100355,62,87808.05,125398.24,610,12,Yes
CUST100356,22,127041.3,145749.79,633,12,No
CUST100357,46,54558.96,155467.49,519,72,Yes
CUST100358,37,31623.99,156461.97,589,48,Yes
CUST100359,60,22999.75,209893.06,546,48,Yes
CUST100360,53,87817.8,188620.13,801,48,No
CUST100361,29,22921.24,274640.61,735,84,Yes
CUST100362,63,60692.02,282388.14,750,60,No
CUST100363,59,80932.83,154778.97,732,48,No
CUST100364,49,74629.39,5000.0,695,72,No
CUST100365,62,80636.12,224209.95,811,60,No
CUST100366,46,75557.25,117577.42,625,24,No
CUST100367,55,101971.65,101910.96,689,60,No
CUST100368,45,46192.09,126093.28,747,24,Yes
CUST100369,44,53075.12,123201.42,561,48,No
CUST100370,33,50683.51,186736.19,850,48,No
CUST100371,27,90754.8,56433.85,682,24,No
CUST100372,56,92509.96,85336.76,692,36,No
CUST100373,65,81280.63,170589.51,793,72,No
CUST100374,40,99587.34,187376.64,762,60,No
CUST100375,21,40548.98,188492.5,683,72,Yes
CUST100376,28,111680.6,102777.82,691,72,No
CUST100377,36,108080.97,91304.06,544,12,Yes
CUST100378,34,88390.55,119601.91,629,48,No
CUST100379,32,114544.97,164392.37,726,60,No
CUST100380,43,28584.42,239128.64,719,72,No
CUST100381,35,56888.8,27153.77,789,60,No
CUST100382,48,51617.41,136756.27,669,72,Yes
CUST100383,54,88036.98,70039.29,555,48,Yes
CUST100384,22,43746.48,50865.44,775,72,No
CUST100385,52,88937.38,208017.4,809,24,Yes
CUST100386,43,104263.4,182677.47,760,48,No
CUST100387,42,87380.07,176966.01,665,60,Yes
CUST100388,45,77093.78,205261.55,773,84,No
CUST100389,42,45303.17,121216.87,850,36,No
CUST100390,42,48828.73,124041.75,690,72,No
CUST100391,62,101240.47,281143.84,561,24,Yes
CUST100392,26,89483.73,135205.74,627,48,No
CUST100393,35,69024.51,194107.93,736,12,No
CUST100394,63,59552.26,150382.89,535,84,Yes
CUST100395,57,20000.0,39104.49,695,84,Yes
CUST100396,53,43228.69,27322.26,714,48,No
CUST100397,28,117785.48,115260.95,818,84,No
CUST100398,64,37988.61,213366.08,797,60,No
CUST100399,64,74737.0,197297.5,757,60,No
CUST100400,25,95186.1,204844.63,485,12,Yes
CUST100401,59,38626.93,90777.23,762,24,Yes
CUST100402,24,74617.76,246952.35,743,60,No
CUST100403,26,93447.89,92106.4,703,24,No
CUST100404,65,70312.48,162769.46,524,24,Yes
CUST100405,52,141710.08,149378.86,610,48,Yes
CUST100406,50,28285.02,139567.57,574,24,Yes
CUST100407,55,96468.21,230315.53,498,72,Yes
CUST100408,60,65679.96,107693.37,679,60,No
CUST100409,36,89298.0,69023.68,608,60,No
CUST100410,33,81032.68,151199.73,850,36,No
CUST100411,62,51671.1,126010.4,664,84,No
CUST100412,50,75724.91,352642.98,796,24,No
CUST100413,39,23552.46,190590.45,538,36,Yes
CUST100414,37,85081.19,125439.57,632,48,Yes
CUST100415,39,77453.96,86633.31,688,36,Yes
CUST100416,48,85966.5,37182.7,598,84,Yes
CUST100417,46,96452.96,88486.85,642,24,No
CUST100418,57,79190.5,156896.51,660,84,No
CUST100419,46,73702.24,235639.72,658,60,Yes
CUST100420,43,47973.29,217301.35,846,48,No
CUST100421,29,52194.48,163745.69,714,24,No
CUST100422,32,99668.37,130609.94,723,48,No
CUST100423,21,105908.39,166128.74,728,12,No
CUST100424,21,64047.24,118881.72,735,24,No
CUST100425,54,71150.07,253101.84,672,12,Yes
CUST100426,52,47384.64,138648.59,651,36,No
CUST100427,45,99318.92,144819.73,695,24,Yes
CUST100428,60,86635.42,17050.65,784,12,No
CUST100429,65,118530.44,138273.91,781,72,No
CUST100430,21,48041.92,200189.05,658,60,Yes
CUST100431,36,60549.8,85936.65,749,36,No
CUST100432,59,75786.15,104956.78,662,24,Yes
CUST100433,25,86162.24,197562.66,683,24,No
CUST100434,42,64608.31,61400.57,637,60,No
CUST100435,49,48175.97,213468.06,663,60,Yes
CUST100436,23,92035.19,118071.37,800,84,No
CUST100437,32,88028.38,126685.91,688,12,No
CUST100438,46,47093.15,82567.3,692,12,No
CUST100439,36,103886.07,172682.78,549,12,No
CUST100440,57,99254.97,297592.32,652,84,No
CUST100441,42,73357.41,196889.83,658,48,No
CUST100442,49,71989.95,98142.88,605,36,No
CUST100443,34,83851.44,218137.24,681,24,No
CUST100444,48,48457.42,130999.23,641,36,No
CUST100445,25,70750.79,232469.1,687,60,No
CUST100446,50,20000.0,198400.58,690,72,No
CUST100447,25,91911.39,5000.0,593,36,No
CUST100448,32,30962.67,89755.22,644,36,No
CUST100449,36,107585.5,206663.11,686,12,No
CUST100450,46,61747.0,159099.44,786,60,No
CUST100451,46,64708.33,88574.64,703,36,No
CUST100452,41,54306.65,111984.63,620,24,Yes
CUST100453,59,62799.03,35625.8,715,12,No
CUST100454,56,105463.28,144697.6,833,84,No
CUST100455,53,20000.0,282641.38,762,36,No
CUST100456,50,101924.13,198296.0,729,60,No
CUST100457,57,78450.59,281425.02,745,72,No
CUST100458,43,39824.46,202943.83,809,24,No
CUST100459,30,43117.19,211648.76,776,72,Yes
CUST100460,25,111909.83,268444.72,731,60,Yes
CUST100461,56,46362.33,172635.8,776,60,Yes
CUST100462,54,41166.24,138766.36,582,60,Yes
CUST100463,51,98432.86,211959.45,544,72,Yes
CUST100464,30,78463.82,237230.41,694,48,No
CUST100465,39,46551.86,121202.12,686,24,Yes
CUST100466,52,75415.62,106705.86,631,60,No
CUST100467,21,44356.18,158331.36,754,48,No
CUST100468,25,97520.53,199889.93,512,12,Yes
CUST100469,65,96534.27,197885.46,631,48,Yes
CUST100470,24,83300.15,64549.94,636,12,No
CUST100471,36,79041.53,264696.36,532,72,Yes
CUST100472,44,114029.7,111530.1,814,84,No
CUST100473,36,69992.16,134096.1,557,84,Yes
CUST100474,22,40453.15,95840.74,627,48,Yes
CUST100475,48,81236.85,311899.73,761,72,No
CUST100476,52,122151.18,164524.24,738,60,No
CUST100477,47,44631.01,98941.5,580,48,Yes
CUST100478,40,60963.43,201835.41,741,48,No
CUST100479,44,80411.15,196148.15,706,60,No
CUST100480,32,68652.38,138736.38,850,12,No
CUST100481,55,45442.41,200436.4,716,60,Yes
CUST100482,53,98046.45,100482.48,667,24,No
CUST100483,53,128001.02,120424.9,602,84,No
CUST100484,63,74903.29,29387.0,613,84,No
CUST100485,57,47398.29,70562.93,605,48,No
CUST100486,32,31275.99,258457.85,803,24,Yes
CUST100487,23,76449.4,248485.72,681,60,No
CUST100488,21,97596.93,153947.32,730,84,No
CUST100489,53,81879.19,249775.89,816,72,No
CUST100490,60,69939.9,140395.53,467,60,Yes
CUST100491,30,55268.21,135395.38,795,36,Yes
CUST100492,63,42695.91,153390.64,684,24,Yes
CUST100493,64,90868.78,142504.7,719,84,No
CUST100494,49,92844.29,137088.22,605,36,No
CUST100495,33,31356.76,218603.89,612,24,Yes
CUST100496,32,109745.97,159008.14,723,72,No
CUST100497,51,84351.78,192748.91,850,36,Yes
CUST100498,22,104989.87,211882.83,770,36,No
CUST100499,55,36446.81,173291.15,793,24,Yes
CUST100500,43,35854.4,91783.72,662,60,Yes
CUST100501,37,66275.77,68828.05,625,12,Yes
CUST100502,46,82569.61,158926.84,609,60,No
CUST100503,28,114909.02,139724.62,636,12,No
CUST100504,49,87651.97,155243.49,495,24,Yes
CUST100505,46,63932.97,149036.76,614,48,No
CUST100506,30,44340.77,305014.42,629,60,Yes
CUST100507,46,100750.01,70186.42,664,36,No
CUST100508,54,45882.36,30603.22,691,60,Yes
CUST100509,61,110711.71,169942.61,712,24,No
CUST100510,27,62890.38,127414.65,678,48,Yes
CUST100511,24,109764.55,168964.07,627,48,No
CUST100512,65,86973.28,185032.98,503,60,Yes
CUST100513,31,66575.11,227046.28,628,60,Yes
CUST100514,49,57015.09,59566.45,592,72,No
CUST100515,56,61477.3,116596.93,721,60,No
CUST100516,45,80707.92,175725.68,761,24,Yes
CUST100517,41,71928.91,196227.82,764,12,Yes
CUST100518,56,55154.71,281606.97,748,72,Yes
CUST100519,30,65859.21,207342.24,667,12,No
CUST100520,57,71964.43,146592.68,633,36,No
CUST100521,29,20000.0,96573.85,612,84,Yes
CUST100522,44,81454.2,116142.61,544,24,No
CUST100523,55,45506.97,114437.83,769,72,No
CUST100524,55,41166.69,189314.02,664,48,No
CUST100525,56,27816.39,165419.85,567,72,Yes
CUST100526,38,25152.69,70581.03,605,36,No
CUST100527,59,36113.81,123845.91,601,48,Yes
CUST100528,52,52274.48,202652.85,683,72,Yes
CUST100529,44,118831.48,171099.74,776,48,No
CUST100530,43,56853.01,184118.68,648,60,Yes
CUST100531,52,74443.75,172975.3,477,48,Yes
CUST100532,57,80012.03,247585.84,662,72,No
CUST100533,32,73276.63,164162.58,665,48,Yes
CUST100534,33,68063.91,126838.63,659,24,No
CUST100535,43,40117.66,95054.7,623,60,No
CUST100536,45,106273.19,164976.57,699,60,Yes
CUST100537,55,115179.92,5000.0,685,36,No
CUST100538,61,27933.53,138942.66,677,60,No
CUST100539,50,44399.29,137649.61,717,12,Yes
CUST100540,37,63004.74,68131.75,641,24,No
CUST100541,40,45886.56,94304.05,636,36,No
CUST100542,45,82649.14,198579.45,804,12,Yes
CUST100543,42,51793.19,163842.7,730,48,Yes
CUST100544,33,124126.4,156107.3,754,84,No
CUST100545,39,99763.71,168380.85,790,12,No
CUST100546,56,75314.35,155557.66,727,36,No
CUST100547,32,95674.66,224571.75,763,60,No
CUST100548,61,97647.51,157405.75,537,24,No
CUST100549,39,55901.31,62507.21,698,84,Yes
CUST100550,32,49594.57,247807.8,663,36,No
CUST100551,29,71953.58,172220.42,830,12,No
CUST100552,27,91540.9,114644.78,763,84,No
CUST100553,48,73476.51,74795.9,623,12,No
CUST100554,34,30575.09,173754.85,713,36,No
CUST100555,51,49929.39,142969.68,695,84,No
CUST100556,39,68150.68,244448.81,720,72,Yes
CUST100557,36,68108.36,129245.56,588,72,No
CUST100558,25,119313.55,99757.15,712,36,No
CUST100559,55,35350.3,203747.77,659,72,Yes
CUST100560,32,82639.73,205516.91,705,36,No
CUST100561,45,107227.83,160119.08,614,60,No
CUST100562,41,126786.24,190581.42,627,84,No
CUST100563,56,59890.06,147738.77,785,36,No
CUST100564,43,82285.74,164031.91,585,48,No
CUST100565,36,84244.01,219899.45,592,24,No
CUST100566,59,74887.04,187519.1,675,24,Yes
CUST100567,65,67528.87,139843.53,610,48,No
CUST100568,62,80899.38,231141.75,600,12,No
CUST100569,59,20000.0,8108.68,689,12,No
CUST100570,34,87051.74,273124.4,544,12,Yes
CUST100571,51,73154.45,47642.45,589,84,Yes
CUST100572,25,64438.13,112374.43,850,12,No
CUST100573,55,121171.55,147544.95,721,60,No
CUST100574,43,53126.65,141211.16,612,48,Yes
CUST100575,49,59923.1,210384.66,717,24,No
CUST100576,63,119788.83,86529.8,731,48,No
CUST100577,31,49198.47,165646.01,769,24,No
CUST100578,38,56247.12,115307.27,668,12,Yes
CUST100579,32,66324.36,167708.46,767,60,No
CUST100580,29,91018.36,146113.66,496,36,Yes
CUST100581,30,75195.06,155576.14,584,36,No
CUST100582,64,37684.37,117004.51,694,72,No
CUST100583,37,56695.79,119396.16,709,12,Yes
CUST100584,58,54816.14,167236.35,597,12,No
CUST100585,27,68069.47,206622.93,703,48,Yes
CUST100586,33,80646.09,114103.24,623,60,No
CUST100587,60,80455.14,97873.95,655,60,No
CUST100588,62,25599.71,186807.61,772,48,Yes
CUST100589,29,96598.52,148049.77,761,60,No
CUST100590,47,76314.22,199829.89,590,84,No
CUST100591,22,104613.3,95652.17,584,84,Yes
CUST100592,25,81104.96,43233.66,642,60,No
CUST100593,49,97533.07,118019.76,677,84,No
CUST100594,57,81663.63,104018.84,620,36,No
CUST100595,58,103655.64,145272.7,773,60,No
CUST100596,39,83056.27,111789.29,711,84,No
CUST100597,28,67552.12,194461.02,716,12,Yes
CUST100598,65,126810.87,132710.98,566,36,Yes
CUST100599,21,92225.93,159028.47,785,12,No
CUST100600,42,84343.61,159458.07,426,12,Yes
CUST100601,37,38092.39,161697.31,755,84,No
CUST100602,27,37792.31,148552.25,764,84,Yes
CUST100603,45,77317.89,180636.04,641,48,No
CUST100604,65,73638.03,102260.69,794,72,No
CUST100605,24,54646.94,233965.08,674,60,No
CUST100606,56,73524.57,135807.76,685,60,No
CUST100607,26,109715.67,71307.05,710,60,No
CUST100608,51,87385.06,161284.4,850,60,No
CUST100609,39,41474.79,98929.17,800,84,Yes
CUST100610,64,67212.28,189920.07,743,36,No
CUST100611,59,49875.84,282576.33,597,24,Yes
CUST100612,47,60307.5,102805.67,692,12,No
CUST100613,30,59659.61,169942.34,606,72,Yes
CUST100614,46,58058.86,44669.66,753,72,No
CUST100615,39,38621.62,177234.31,692,24,Yes
CUST100616,59,66808.63,96857.17,578,24,No
CUST100617,23,55984.81,112509.92,687,24,Yes
CUST100618,65,20000.0,83922.81,603,84,No
CUST100619,33,121324.3,193929.07,693,36,No
CUST100620,48,97219.24,210438.26,602,24,Yes
CUST100621,40,60592.48,151403.11,682,36,Yes
CUST100622,48,70470.48,98134.4,747,84,No
CUST100623,28,40708.64,245371.38,675,48,Yes
CUST100624,61,112393.07,104975.39,644,48,No
CUST100625,59,117432.22,20278.06,698,72,No
CUST100626,21,73917.34,177503.34,742,48,Yes
CUST100627,23,95588.27,83713.52,580,36,Yes
CUST100628,33,74382.17,209316.53,703,36,No
CUST100629,48,36581.86,127131.74,798,12,No
CUST100630,45,59704.42,186222.79,731,24,No
CUST100631,53,73298.2,234090.02,685,60,No
CUST100632,58,58636.31,77468.47,737,60,No
CUST100633,26,64533.67,116043.77,720,24,No
CUST100634,64,67715.01,145459.74,747,60,Yes
CUST100635,65,67978.04,242253.08,497,60,Yes
CUST100636,52,71306.46,110497.04,540,84,Yes
CUST100637,65,43484.87,114329.78,770,60,Yes
CUST100638,41,52074.6,178688.43,544,72,Yes
CUST100639,36,37885.39,115366.28,716,36,Yes
CUST100640,41,94445.39,159151.55,648,36,No
CUST100641,31,20000.0,56907.75,590,36,Yes
CUST100642,57,98839.76,282859.8,711,24,No
CUST100643,56,104658.73,69137.45,698,48,Yes
CUST100644,55,62445.49,130694.84,850,72,No
CUST100645,39,20000.0,148051.14,623,72,Yes
CUST100646,40,60967.24,264761.29,809,60,No
CUST100647,38,68395.4,70509.25,711,12,No
CUST100648,61,44735.04,269022.25,620,36,Yes
CUST100649,34,57119.54,195430.61,751,84,No
CUST100650,35,108254.88,175025.72,730,72,No
CUST100651,51,86623.18,90921.98,683,72,Yes
CUST100652,21,46885.9,184268.47,703,12,No
CUST100653,23,30060.02,106590.8,626,60,Yes
CUST100654,36,61824.57,225999.68,605,72,No
CUST100655,43,64663.58,91736.28,748,72,No
CUST100656,31,82404.98,143210.49,659,48,Yes
CUST100657,32,56617.08,116683.61,672,12,No
CUST100658,30,82787.49,90748.62,705,84,No
CUST100659,52,118378.85,194479.19,703,84,No
CUST100660,36,90387.53,182127.52,551,60,Yes
CUST100661,28,68797.79,222540.61,795,60,No
CUST100662,58,65421.24,43207.49,690,36,No
CUST100663,32,61083.17,213850.24,661,48,Yes
CUST100664,44,99516.02,300326.93,718,60,No
CUST100665,48,54317.16,122901.53,701,48,No
CUST100666,28,71130.57,263708.92,749,36,No
CUST100667,48,71279.95,134210.32,728,84,No
CUST100668,56,57455.4,67655.42,744,12,No
CUST100669,46,35688.36,131662.05,801,72,Yes
CUST100670,28,78074.36,212892.24,759,72,No
CUST100671,48,68474.9,99709.41,665,24,No
CUST100672,48,82506.01,113979.68,578,24,No
CUST100673,57,56659.99,185612.37,830,24,No
CUST100674,61,100520.53,150183.61,658,72,No
CUST100675,56,48080.66,185077.38,637,48,No
CUST100676,47,112801.01,164269.77,523,24,No
CUST100677,37,26309.09,178777.52,710,12,No
CUST100678,29,80869.25,124061.93,693,60,No
CUST100679,53,81885.77,163903.86,543,48,Yes
CUST100680,40,50111.07,94357.62,720,72,No
CUST100681,33,80609.85,227306.02,635,12,Yes
CUST100682,48,101987.97,111943.52,850,84,No
CUST100683,49,20000.0,217730.85,628,72,Yes
CUST100684,33,82568.62,135983.58,640,48,Yes
CUST100685,55,20000.0,162119.94,601,48,Yes
CUST100686,26,45858.38,120302.13,795,48,No
CUST100687,38,110729.16,89040.27,646,36,No
CUST100688,25,55455.45,45314.38,614,60,No
CUST100689,45,40653.0,86680.55,743,24,No
CUST100690,22,65051.56,130565.47,555,36,Yes
CUST100691,30,121697.66,162712.75,736,60,No
CUST100692,50,24207.94,210622.76,840,72,No
CUST100693,65,43717.25,123254.55,730,24,No
CUST100694,25,107435.79,97082.35,737,84,No
CUST100695,53,116442.56,63437.11,758,36,No
CUST100696,21,67414.22,178803.82,833,36,No
CUST100697,38,39023.68,232991.67,788,12,No
CUST100698,52,122396.09,225979.82,719,84,No
CUST100699,31,109861.06,192595.96,761,84,No
CUST100700,41,86973.67,188312.6,600,36,No
CUST100701,46,49689.94,251857.43,749,48,No
CUST100702,45,68774.27,169924.89,589,72,No
CUST100703,42,65991.0,188767.78,646,84,Yes
CUST100704,47,78271.28,130752.97,402,36,Yes
CUST100705,33,106275.04,68277.4,716,48,No
CUST100706,53,91985.43,108969.07,622,60,No
CUST100707,54,43065.6,149450.46,780,60,No
CUST100708,61,104412.41,153647.12,715,84,No
CUST100709,55,77828.3,265577.15,781,48,Yes
CUST100710,21,87176.64,154876.63,582,12,No
CUST100711,41,106663.52,220730.61,773,12,No
CUST100712,26,42210.49,123895.37,850,60,No
CUST100713,48,69104.36,131299.45,748,72,No
CUST100714,37,56713.64,70259.54,751,36,No
CUST100715,25,30803.51,105460.32,695,84,Yes
CUST100716,51,78667.75,181618.88,632,84,Yes
CUST100717,25,132788.91,150453.61,748,60,No
CUST100718,58,23998.06,206576.32,544,60,Yes
CUST100719,23,69192.98,160875.24,642,48,Yes
CUST100720,43,86013.57,128852.78,520,12,Yes
CUST100721,57,73076.96,278897.81,616,72,No
CUST100722,57,67171.8,144365.79,737,48,No
CUST100723,30,37519.59,219780.06,725,60,No
CUST100724,30,75819.67,125927.45,684,24,No
CUST100725,39,51080.9,192575.97,695,36,No
CUST100726,37,20000.0,205680.94,510,60,Yes
CUST100727,41,99864.81,162509.52,646,48,No
CUST100728,34,93959.65,8731.02,618,24,Yes
CUST100729,29,71291.52,151095.15,620,24,No
CUST100730,21,75726.87,223827.6,733,60,No
CUST100731,65,96857.95,181648.85,602,72,No
CUST100732,33,75608.49,176750.33,625,12,No
CUST100733,24,92600.44,46664.58,492,24,Yes
CUST100734,21,62562.94,106772.7,653,84,No
CUST100735,60,102799.59,174681.46,582,36,No
CUST100736,52,78019.64,174623.0,687,48,Yes
CUST100737,54,74851.3,222880.01,594,48,Yes
CUST100738,48,38248.47,141307.99,689,48,Yes
CUST100739,51,77173.9,174349.45,666,84,Yes
CUST100740,28,49201.13,150982.45,830,60,No
CUST100741,59,54042.93,90783.44,724,48,No
CUST100742,46,49615.61,14652.52,514,84,Yes
CUST100743,54,43344.13,175860.58,566,48,Yes
CUST100744,23,123119.29,160436.83,684,36,No
CUST100745,32,103283.48,112909.5,596,84,No
CUST100746,21,118009.19,52849.62,412,12,No
CUST100747,64,39427.62,187784.37,801,72,No
CUST100748,25,71781.34,134044.8,744,60,No
CUST100749,50,37662.31,183412.48,726,60,Yes
CUST100750,50,52607.63,261842.91,625,48,Yes
CUST100751,37,47046.83,21514.15,718,36,No
CUST100752,43,100989.6,108023.95,616,24,No
CUST100753,35,60094.26,137437.46,698,84,No
CUST100754,57,96709.48,237289.57,597,48,No
CUST100755,41,85103.02,51815.82,816,84,No
CUST100756,34,127590.97,266151.66,538,48,Yes
CUST100757,22,33013.89,158151.35,790,60,Yes
CUST100758,31,101480.83,144239.96,683,60,Yes
CUST100759,59,98661.02,138116.41,635,48,No
CUST100760,58,45665.53,123824.22,695,60,No
CUST100761,54,95178.33,212887.01,746,36,No
CUST100762,58,78403.62,85888.75,803,24,No
CUST100763,54,64313.09,170724.85,708,24,Yes
CUST100764,38,49401.61,126949.1,599,84,Yes
CUST100765,50,52022.26,104271.99,685,24,No
CUST100766,35,121245.3,305158.51,843,84,No
CUST100767,47,70017.07,175143.04,801,48,No
CUST100768,54,89553.25,186795.93,761,72,Yes
CUST100769,58,50227.52,218266.61,751,48,No
CUST100770,53,50503.68,64719.0,742,48,No
CUST100771,44,97049.62,255137.51,784,36,Yes
CUST100772,35,36260.59,5000.0,638,24,Yes
CUST100773,50,59619.66,103874.02,558,60,No
CUST100774,62,70850.69,122458.1,686,60,No
CUST100775,37,72784.32,184903.4,606,12,Yes
CUST100776,25,65522.67,163123.1,585,12,No
CUST100777,49,79895.49,139991.12,615,84,No
CUST100778,24,87321.39,149280.16,850,72,No
CUST100779,30,88365.94,91318.62,692,84,Yes
CUST100780,37,45354.9,60166.06,712,60,No
CUST100781,30,62896.12,193590.7,569,24,Yes
CUST100782,37,99869.07,191622.37,514,84,No
CUST100783,40,92366.18,245069.66,606,48,No
CUST100784,44,35678.51,102598.97,809,60,Yes
CUST100785,25,78787.0,191568.91,710,72,No
CUST100786,54,20544.37,132977.6,733,72,No
CUST100787,26,71173.37,221428.5,746,60,Yes
CUST100788,22,117444.18,211317.77,626,12,No
CUST100789,33,46302.68,162672.56,804,24,No
CUST100790,63,49141.92,129628.19,623,60,No
CUST100791,63,89100.74,207655.93,806,48,No
CUST100792,31,31429.96,188814.27,719,48,No
CUST100793,43,54181.12,108933.58,518,36,No
CUST100794,36,84911.03,70332.08,612,48,No
CUST100795,51,54142.85,132688.03,519,60,Yes
CUST100796,31,64100.75,240924.83,784,60,No
CUST100797,36,88604.64,218789.23,677,48,No
CUST100798,28,80538.65,83260.35,479,12,No
CUST100799,24,76670.46,79934.56,713,24,No
CUST100800,60,61521.94,226481.03,631,72,Yes
CUST100801,24,79251.53,81861.85,546,60,Yes
CUST100802,45,66906.68,180557.72,831,48,No
CUST100803,23,81445.14,113035.73,689,72,No
CUST100804,52,57576.7,247022.7,653,48,Yes
CUST100805,23,65435.78,103774.51,644,60,Yes
CUST100806,47,45251.06,218601.69,543,36,Yes
CUST100807,49,69124.81,161091.52,562,24,Yes
CUST100808,52,49724.98,165131.69,795,60,No
CUST100809,39,42148.84,31781.49,637,72,No
CUST100810,41,76466.53,17825.2,681,48,No
CUST100811,25,75318.49,136766.04,496,36,Yes
CUST100812,38,89571.84,164814.36,561,84,Yes
CUST100813,48,59221.86,82488.13,734,60,No
CUST100814,62,80201.32,84678.4,713,24,No
CUST100815,42,83769.94,183688.36,837,36,Yes
CUST100816,41,81119.35,183771.27,800,72,No
CUST100817,26,49358.66,141735.54,659,48,Yes
CUST100818,21,73734.09,196812.1,722,12,No
CUST100819,25,79103.51,79547.86,651,84,No
CUST100820,61,70179.46,128643.9,850,84,No
CUST100821,32,20000.0,248872.66,783,24,Yes
CUST100822,46,74012.24,154099.33,695,36,No
CUST100823,54,125313.28,157578.75,698,60,No
CUST100824,34,60999.02,288356.8,810,60,No
CUST100825,46,51798.07,66039.47,732,36,No
CUST100826,65,79333.71,197785.82,820,60,Yes
CUST100827,47,77809.46,249839.18,482,84,Yes
CUST100828,29,99818.38,130508.52,721,84,No
CUST100829,46,38553.3,201577.85,633,84,No
CUST100830,42,88284.51,91078.83,838,36,No
CUST100831,50,84760.55,108796.06,819,24,No
CUST100832,63,66446.34,173097.98,682,84,No
CUST100833,37,78467.18,197914.0,818,60,No
CUST100834,46,95736.44,217256.19,840,24,No
CUST100835,56,91807.88,244177.72,686,48,Yes
CUST100836,21,41424.52,145953.21,850,48,No
CUST100837,28,90503.95,221616.71,677,48,Yes
CUST100838,55,68382.78,129461.71,660,48,No
CUST100839,35,71821.85,204125.48,757,60,No
CUST100840,42,71829.92,162449.33,648,36,Yes
CUST100841,34,66243.93,176740.67,687,60,No
CUST100842,46,99792.69,175410.47,806,72,No
CUST100843,48,67907.05,53717.7,681,60,No
CUST100844,43,42011.35,82552.69,527,24,No
CUST100845,34,60161.75,156152.49,713,36,No
CUST100846,44,74467.37,48763.26,617,84,No
CUST100847,22,100730.37,199872.67,757,12,No
CUST100848,65,85077.37,202293.36,742,12,No
CUST100849,46,48736.62,169630.23,812,84,No
CUST100850,34,132129.75,82731.96,761,36,No
CUST100851,27,76619.38,232808.34,778,12,Yes
CUST100852,23,101884.77,272232.64,619,36,Yes
CUST100853,43,66207.14,158824.61,752,24,No
CUST100854,63,83333.98,180632.12,850,24,No
CUST100855,65,90986.71,162104.32,618,60,No
CUST100856,38,100454.87,181822.15,841,12,No
CUST100857,58,96434.21,142826.47,630,84,No
CUST100858,55,91804.93,147926.15,603,36,Yes
CUST100859,35,62122.83,204343.06,706,24,No
CUST100860,45,55706.35,290737.45,744,60,No
CUST100861,57,78315.19,65995.73,762,12,No
CUST100862,48,93328.2,143771.25,593,12,No
CUST100863,30,64431.98,79172.37,719,12,No
CUST100864,59,96629.3,245521.49,618,24,Yes
CUST100865,37,106315.42,114735.72,545,24,No
CUST100866,59,47091.98,63407.95,596,12,Yes
CUST100867,42,49076.98,188291.22,612,24,Yes
CUST100868,46,66490.62,254658.67,726,12,Yes
CUST100869,64,77690.32,189815.87,783,48,No
CUST100870,45,56885.82,162287.87,547,24,Yes
CUST100871,37,103805.07,174548.46,711,36,No
CUST100872,33,80601.67,234890.44,574,24,Yes
CUST100873,40,70986.18,97548.04,736,12,No
CUST100874,45,34102.26,143289.17,623,36,No
CUST100875,24,37104.6,122838.59,585,60,Yes
CUST100876,30,77025.23,79928.08,751,36,No
CUST100877,23,20000.0,130297.48,627,36,No
CUST100878,61,95315.94,216463.27,651,24,Yes
CUST100879,65,66046.15,183996.13,480,72,Yes
CUST100880,38,151077.32,188658.63,765,36,No
CUST100881,56,127697.91,158788.54,753,36,No
CUST100882,42,65463.77,181399.43,680,84,Yes
CUST100883,54,67341.57,101964.58,542,12,No
CUST100884,28,94889.54,131429.41,788,24,No
CUST100885,60,112579.32,161520.25,620,12,No
CUST100886,64,29049.27,166650.95,639,24,Yes
CUST100887,39,25340.61,169211.27,850,60,Yes
CUST100888,62,54449.13,141699.88,616,72,Yes
CUST100889,61,84568.44,127354.6,746,36,No
CUST100890,57,82421.84,339466.28,730,84,No
CUST100891,26,96744.29,204407.24,715,24,No
CUST100892,46,40007.56,174788.85,705,36,Yes
CUST100893,54,20000.0,136007.49,713,36,No
CUST100894,65,91450.35,122926.87,704,48,No
CUST100895,26,49295.09,142151.96,675,12,Yes
CUST100896,57,20000.0,167569.73,816,72,Yes
CUST100897,53,73626.59,37173.87,561,84,Yes
CUST100898,42,89829.39,55836.62,771,24,No
CUST100899,41,66948.57,111787.06,754,60,No
CUST100900,26,58553.79,162428.37,742,72,No
CUST100901,26,66015.94,135643.61,780,48,Yes
CUST100902,24,60735.43,238687.27,671,12,No
CUST100903,50,36298.82,61056.19,511,60,Yes
CUST100904,31,52132.98,104919.27,673,60,Yes
CUST100905,50,83032.0,241205.5,590,36,Yes
CUST100906,51,78041.96,157867.16,614,12,No
CUST100907,44,74201.5,203090.55,568,48,Yes
CUST100908,29,45121.29,273074.82,637,24,Yes
CUST100909,23,65462.42,108371.73,626,24,No
CUST100910,51,20000.0,144041.14,466,48,Yes
CUST100911,60,74461.92,133654.39,743,36,No
CUST100912,57,105721.44,32724.42,850,36,No
CUST100913,56,33146.7,131376.19,734,60,No
CUST100914,44,55351.81,202863.73,661,12,No
CUST100915,51,78227.67,182435.37,675,60,Yes
CUST100916,26,101321.07,187144.99,642,84,No
CUST100917,22,58794.38,127469.46,688,84,No
CUST100918,40,52693.74,110634.17,676,24,No
CUST100919,48,20776.92,226155.34,604,48,No
CUST100920,31,72585.95,120160.97,831,12,No
CUST100921,24,121051.9,167644.92,546,48,No
CUST100922,35,76933.96,159800.08,744,12,No
CUST100923,26,69443.03,237703.02,670,72,No
CUST100924,50,78052.06,208284.74,850,24,No
CUST100925,58,69722.7,72284.48,710,24,No
CUST100926,22,49674.64,78746.81,647,72,No
CUST100927,35,90582.0,184734.59,657,12,No
CUST100928,31,75644.04,146139.74,683,36,No
CUST100929,28,70440.33,122689.69,577,12,Yes
CUST100930,46,45615.85,210937.67,610,24,Yes
CUST100931,65,102587.7,161247.56,519,84,No
CUST100932,64,86617.57,153147.44,596,48,Yes
CUST100933,25,56176.98,196789.72,688,60,Yes
CUST100934,26,95045.62,127493.46,707,48,No
CUST100935,46,57560.73,244111.14,501,24,No
CUST100936,24,50449.91,102717.14,667,48,No
CUST100937,39,51007.42,189415.74,730,36,No
CUST100938,40,25723.29,236029.97,665,36,No
CUST100939,53,81788.56,67362.27,622,84,No
CUST100940,40,24221.38,129399.89,642,12,No
CUST100941,32,39288.9,218532.44,631,48,Yes
CUST100942,21,20000.0,219434.67,622,48,No
CUST100943,46,67848.26,139710.26,695,24,No
CUST100944,34,66241.99,105919.73,850,12,No
CUST100945,58,61832.59,207356.15,613,12,Yes
CUST100946,57,43935.56,221012.95,651,48,No
CUST100947,31,40694.16,80120.2,675,60,Yes
CUST100948,56,81609.25,77765.18,618,48,No
CUST100949,33,56236.2,163515.4,778,48,No
CUST100950,63,77908.96,187761.64,466,48,Yes
CUST100951,23,47868.78,132055.85,632,36,No
CUST100952,53,74526.57,190757.63,753,72,No
CUST100953,26,102581.95,107391.8,653,12,No
CUST100954,30,84654.15,23118.38,606,72,No
CUST100955,25,59689.65,124565.94,719,36,No
CUST100956,43,76429.97,153793.93,761,60,Yes
CUST100957,30,63983.37,133449.6,698,24,No
CUST100958,64,70197.0,80483.8,607,84,No
CUST100959,22,61859.72,41061.06,721,60,No
CUST100960,33,65891.62,119154.67,643,12,No
CUST100961,60,75302.33,203859.35,747,24,No
CUST100962,22,45166.03,225371.85,813,72,No
CUST100963,40,44603.03,221262.8,445,60,No
CUST100964,21,35286.44,101045.43,689,12,Yes
CUST100965,57,29993.22,80777.62,523,84,Yes
CUST100966,29,39567.93,179798.08,850,84,Yes
CUST100967,37,73986.56,188106.0,637,60,No
CUST100968,29,47680.31,174010.18,747,24,No
CUST100969,31,82840.36,29156.2,676,24,No
CUST100970,35,70867.84,97986.92,607,60,No
CUST100971,44,20787.39,148218.67,597,36,Yes
CUST100972,58,86374.39,179233.09,822,60,No
CUST100973,55,90269.97,196038.44,766,72,No
CUST100974,50,45153.43,158655.21,850,60,No
CUST100975,51,80504.79,169847.03,684,60,Yes
CUST100976,25,48587.54,155091.93,705,36,Yes
CUST100977,64,72441.76,191137.16,655,48,No
CUST100978,34,38387.54,168771.94,654,24,Yes
CUST100979,31,25172.34,153944.26,586,72,Yes
CUST100980,29,60429.57,133897.87,687,12,Yes
CUST100981,54,66906.78,154877.49,608,24,No
CUST100982,32,60058.01,179075.48,719,24,Yes
CUST100983,55,40399.24,166048.52,695,48,Yes
CUST100984,55,60002.52,172849.59,705,24,No
CUST100985,21,76732.37,230563.31,830,24,No
CUST100986,60,68877.67,165909.84,676,36,No
CUST100987,42,74562.53,111060.09,748,36,No
CUST100988,49,53247.12,203016.41,850,36,No
CUST100989,28,99292.95,68028.1,797,36,No
CUST100990,31,40595.67,85115.2,783,36,No
CUST100991,61,82189.01,170150.84,652,72,Yes
CUST100992,57,99547.28,180983.8,700,12,No
CUST100993,34,82022.7,75296.93,561,48,Yes
CUST100994,50,64936.89,127030.95,724,60,No
CUST100995,55,56792.57,113634.97,704,84,Yes
CUST100996,41,95902.19,120799.42,682,72,No
CUST100997,57,34425.63,206615.87,772,36,Yes
CUST100998,25,45746.89,192390.33,571,48,No
CUST100999,39,60061.06,148852.67,827,60,No
CUST101000,34,100941.34,117242.28,761,24,No
CUST101001,46,79494.19,69021.02,673,72,No
CUST101002,24,45798.86,235211.1,666,24,No
CUST101003,45,62242.31,185526.83,723,48,No
CUST101004,65,54641.92,107599.85,816,12,No
CUST101005,62,52255.28,193175.97,689,12,Yes
CUST101006,45,94472.24,145786.58,692,48,Yes
CUST101007,38,35706.42,132773.43,681,84,Yes
CUST101008,60,110219.52,176112.69,840,84,No
CUST101009,28,90705.74,105510.11,646,12,No
CUST101010,59,97271.54,129374.61,677,84,No
CUST101011,60,58426.51,157287.66,811,12,No
CUST101012,34,66251.48,120032.93,693,24,No
CUST101013,52,34171.2,190145.11,782,84,Yes
CUST101014,58,56883.44,262143.99,597,12,Yes
CUST101015,53,82341.37,104742.11,661,12,No
CUST101016,43,102401.58,50092.48,813,48,No
CUST101017,35,42321.08,29895.59,619,12,No
CUST101018,53,60862.35,140971.91,666,84,Yes
CUST101019,45,66217.52,110210.12,703,84,No
CUST101020,37,35105.27,162471.63,590,72,Yes
CUST101021,53,84783.73,157955.86,642,36,No
CUST101022,22,51900.24,53806.99,690,36,No
CUST101023,34,65115.24,41106.97,684,48,No
CUST101024,60,58701.27,167755.99,795,36,Yes
CUST101025,60,50266.54,158125.73,818,24,No
CUST101026,59,69823.88,124450.92,602,72,Yes
CUST101027,26,64609.76,50571.38,690,72,No
CUST101028,26,60703.55,178283.48,740,48,Yes
CUST101029,23,51788.46,226313.97,816,84,Yes
CUST101030,27,77988.12,166678.95,744,12,Yes
CUST101031,28,111340.43,99151.57,706,36,No
CUST101032,62,73497.18,152673.13,739,24,No
CUST101033,35,94902.96,68033.16,740,84,No
CUST101034,49,35244.45,213477.64,596,48,Yes
CUST101035,53,73944.04,154910.66,697,84,No
CUST101036,50,42565.79,43910.59,811,48,No
CUST101037,59,33076.88,131959.54,661,12,Yes
CUST101038,47,51515.71,177798.09,691,60,Yes
CUST101039,56,99797.48,130017.14,658,36,Yes
CUST101040,49,93750.4,133446.26,471,24,No
CUST101041,58,76075.12,76535.87,681,48,No
CUST101042,53,31682.49,183992.46,707,84,No
CUST101043,57,65092.98,111091.85,633,36,No
CUST101044,47,77542.5,20613.28,576,84,No
CUST101045,53,74388.41,127724.56,600,24,No
CUST101046,24,23905.16,208868.98,748,72,Yes
CUST101047,42,47742.05,126784.23,850,72,No
CUST101048,22,68398.06,254279.1,804,24,No
CUST101049,30,83407.27,175738.08,559,72,Yes
CUST101050,25,20000.0,170325.49,756,48,No
CUST101051,30,65946.9,142296.1,620,36,No
CUST101052,53,73576.22,145902.83,627,24,No
CUST101053,58,91240.3,134194.58,638,48,No
CUST101054,33,87321.44,131863.84,743,36,No
CUST101055,51,84564.28,181852.03,766,36,Yes
CUST101056,56,50001.49,93850.13,671,48,No
CUST101057,65,22299.95,85446.37,672,36,Yes
CUST101058,44,60173.68,82608.3,721,60,No
CUST101059,35,95040.8,272739.27,731,24,No
CUST101060,49,104836.36,181820.57,785,24,No
CUST101061,28,87763.73,168269.53,564,36,Yes
CUST101062,25,80733.52,86549.12,681,48,Yes
CUST101063,49,79490.99,187400.54,583,12,Yes
CUST101064,24,56097.03,143005.72,675,72,Yes
CUST101065,32,66748.49,162850.14,659,36,Yes
CUST101066,65,111726.74,91402.78,675,12,No
CUST101067,22,46436.05,159616.13,608,36,No
CUST101068,47,110369.47,124569.99,546,12,Yes
CUST101069,51,61949.3,104063.33,491,36,No
CUST101070,56,103135.8,194046.38,668,48,No
CUST101071,56,34829.62,57737.53,641,72,No
CUST101072,46,84647.61,183886.58,619,84,No
CUST101073,63,51580.75,191069.17,799,84,Yes
CUST101074,47,34618.32,97221.38,602,12,No
CUST101075,25,75463.35,100780.29,807,60,No
CUST101076,40,95236.79,136618.46,826,48,No
CUST101077,31,48876.46,166922.17,504,72,Yes
CUST101078,30,32524.6,140828.7,688,36,No
CUST101079,60,67703.88,176013.75,644,12,Yes
CUST101080,58,67814.12,255778.78,417,72,Yes
CUST101081,26,83707.99,119536.99,549,24,Yes
CUST101082,28,93739.86,47089.2,749,48,No
CUST101083,43,68514.62,199555.41,850,12,No
CUST101084,46,116387.58,250998.87,761,48,No
CUST101085,63,75605.87,173566.1,709,12,Yes
CUST101086,32,61339.34,84735.08,678,84,No
CUST101087,46,29710.82,142566.46,831,24,No
CUST101088,33,63433.51,82888.59,850,60,No
CUST101089,60,61590.33,188571.33,627,24,Yes
CUST101090,38,94007.62,68922.58,500,36,No
CUST101091,45,81562.09,131992.27,491,48,Yes
CUST101092,53,40515.77,89739.73,798,60,No
CUST101093,60,74306.36,157609.48,675,48,Yes
CUST101094,63,86788.28,128019.5,696,72,Yes
CUST101095,32,108200.78,160605.73,518,12,No
CUST101096,64,92187.6,151341.03,612,36,No
CUST101097,56,89021.17,90800.46,653,36,No
CUST101098,24,71502.15,187612.62,698,48,No
CUST101099,25,79707.8,147074.06,644,84,No
CUST101100,57,101237.62,90688.26,586,36,Yes
CUST101101,28,36680.57,284455.59,609,48,Yes
CUST101102,62,61264.02,178585.81,788,12,No
CUST101103,48,50685.78,140804.37,702,12,No
CUST101104,51,79478.83,234912.27,735,48,No
CUST101105,29,100755.55,260508.94,599,24,No
CUST101106,49,55075.64,141279.03,414,24,Yes
CUST101107,34,20000.0,170843.85,632,12,No
CUST101108,60,59694.48,90719.83,602,60,No
CUST101109,61,92836.84,141168.43,711,24,No
CUST101110,42,83440.75,138056.25,850,48,No
CUST101111,31,80704.66,161089.62,742,12,No
CUST101112,43,63000.17,169965.63,850,36,No
CUST101113,21,38024.23,183589.71,731,36,Yes
CUST101114,57,82882.36,164258.56,623,84,Yes
CUST101115,41,49142.95,77355.44,711,24,No
CUST101116,46,124602.42,93691.97,840,60,No
CUST101117,56,84262.68,117215.54,844,72,No
CUST101118,43,55483.79,133065.56,628,24,No
CUST101119,21,54715.37,213046.46,702,60,No
CUST101120,60,67676.39,80223.66,551,24,No
CUST101121,35,64012.45,128555.1,754,36,No
CUST101122,41,97920.84,207180.57,819,60,No
CUST101123,29,74660.4,132007.35,683,36,No
CUST101124,29,51709.21,177624.94,619,84,No
CUST101125,30,117261.02,141627.48,712,48,No
CUST101126,46,71232.71,165407.0,717,48,No
CUST101127,61,89220.99,136291.65,687,12,No
CUST101128,55,54794.34,190023.93,696,36,Yes
CUST101129,45,79077.89,57296.62,664,36,Yes
CUST101130,46,77777.75,128201.28,769,84,No
CUST101131,31,22758.77,167794.36,746,12,Yes
CUST101132,58,120381.88,182021.71,591,48,Yes
CUST101133,22,102266.11,239577.16,589,48,Yes
CUST101134,27,60070.12,126538.52,657,60,No
CUST101135,38,42443.26,238768.91,746,60,No
CUST101136,47,78689.04,110458.57,693,72,No
CUST101137,54,72167.44,229718.78,622,84,Yes
CUST101138,47,78891.72,199048.03,703,48,No
CUST101139,37,74789.43,95192.49,650,72,Yes
CUST101140,63,82656.02,168422.35,759,24,No
CUST101141,64,106182.64,146925.85,709,36,No
CUST101142,44,84202.58,187535.08,651,60,Yes
CUST101143,45,43758.61,136603.7,700,24,No
CUST101144,27,104064.07,131565.23,798,60,No
CUST101145,26,111015.36,232145.67,628,12,No
CUST101146,44,148801.42,144076.75,716,36,No
CUST101147,53,41912.65,199585.34,673,72,No
CUST101148,49,76072.05,136478.91,718,72,No
CUST101149,63,20000.0,249999.8,621,60,Yes
CUST101150,42,83828.73,109299.92,689,48,Yes
CUST101151,46,56294.99,113151.39,779,84,No
CUST101152,48,118086.14,241471.03,595,72,Yes
CUST101153,41,50634.63,123303.22,560,12,Yes
CUST101154,27,27770.42,246064.46,563,12,Yes
CUST101155,37,58218.41,203510.43,574,48,Yes
CUST101156,40,20612.81,140721.02,733,12,Yes
CUST101157,61,88777.49,41202.39,553,84,Yes
CUST101158,40,20000.0,148840.9,653,36,No
CUST101159,42,70711.44,156097.8,735,60,Yes
CUST101160,48,20000.0,220033.06,717,12,Yes
CUST101161,60,61992.55,245306.83,645,36,Yes
CUST101162,27,111084.45,108900.77,697,48,No
CUST101163,21,79016.2,198070.91,689,60,Yes
CUST101164,52,48412.66,195924.13,659,48,No
CUST101165,33,69219.91,214404.76,661,60,Yes
CUST101166,50,70450.42,179921.39,850,84,No
CUST101167,43,81815.76,33450.14,752,12,No
CUST101168,39,35828.54,140674.65,850,12,Yes
CUST101169,52,84814.18,80657.55,635,60,No
CUST101170,50,20000.0,137843.65,672,36,Yes
CUST101171,49,54252.89,208800.25,560,36,Yes
CUST101172,65,57793.15,168309.05,607,36,Yes
CUST101173,49,85833.17,218885.45,850,24,No
CUST101174,50,70565.77,170505.24,633,72,Yes
CUST101175,36,34860.92,72100.44,850,72,No
CUST101176,60,45375.17,5000.0,568,72,Yes
CUST101177,39,74967.0,158928.53,585,36,Yes
CUST101178,38,68023.32,137164.41,649,12,No
CUST101179,21,55521.9,91383.26,674,84,No
CUST101180,34,57979.16,47962.37,763,24,No
CUST101181,22,87404.2,105915.41,720,36,No
CUST101182,48,57057.69,138330.51,642,12,Yes
CUST101183,50,67797.72,189952.67,668,24,No
CUST101184,58,124248.41,161317.86,651,12,Yes
CUST101185,24,34407.93,246484.03,597,60,Yes
CUST101186,21,23703.93,87863.76,600,12,No
CUST101187,28,89589.74,202863.53,772,24,No
CUST101188,49,53033.92,152837.92,515,36,Yes
CUST101189,59,62044.06,191680.15,825,72,No
CUST101190,23,50471.09,123809.11,649,24,No
CUST101191,52,63505.0,214300.82,610,36,Yes
CUST101192,30,109963.45,167713.49,746,36,No
CUST101193,30,90053.21,109233.3,813,84,No
CUST101194,39,91555.59,149278.56,780,48,No
CUST101195,54,34594.32,135626.65,725,84,No
CUST101196,53,41221.16,179350.7,777,60,No
CUST101197,43,20000.0,79213.4,525,48,Yes
CUST101198,48,49765.48,148238.9,633,72,No
CUST101199,52,93917.58,173718.44,597,24,Yes
CUST101200,27,82923.66,151981.4,790,48,No
CUST101201,49,64462.17,230816.47,645,72,Yes
CUST101202,28,69442.49,196441.37,756,36,No
CUST101203,21,52777.86,149551.15,728,24,No
CUST101204,23,75118.97,163001.35,602,48,Yes
CUST101205,44,89146.96,167739.93,627,12,No
CUST101206,43,29602.83,174197.98,796,72,Yes
CUST101207,28,77491.19,40460.52,610,72,No
CUST101208,57,93310.87,131908.42,691,60,Yes
CUST101209,23,59622.49,60933.66,609,12,No
CUST101210,53,87517.52,226696.86,651,24,Yes
CUST101211,48,140366.36,146349.03,675,48,No
CUST101212,28,67391.43,138399.54,609,36,No
CUST101213,54,79832.68,203807.84,593,48,Yes
CUST101214,55,51548.57,175339.49,705,84,No
CUST101215,52,74531.28,82281.93,603,24,No
CUST101216,44,81506.79,145745.68,607,24,No
CUST101217,34,74871.06,129889.98,595,24,Yes
CUST101218,52,44507.62,45328.03,672,24,Yes
CUST101219,63,75159.04,108583.43,764,84,No
CUST101220,36,106554.9,138987.58,815,72,No
CUST101221,24,81215.89,143102.94,614,48,No
CUST101222,57,94049.68,61066.11,850,12,No
CUST101223,41,64074.7,219099.93,589,36,Yes
CUST101224,34,88747.51,143873.82,777,36,No
CUST101225,51,76981.7,152253.18,615,60,No
CUST101226,38,46227.23,174038.5,601,72,No
CUST101227,27,77963.03,102715.42,612,24,No
CUST101228,30,45207.58,177381.36,675,24,Yes
CUST101229,27,54177.99,127975.52,732,24,No
CUST101230,53,74733.21,96204.87,740,72,No
CUST101231,43,77431.11,184406.85,595,12,Yes
CUST101232,41,40269.19,239500.43,590,24,Yes
CUST101233,39,96349.64,193489.76,597,60,No
CUST101234,39,84300.16,205378.65,669,60,No
CUST101235,56,52381.79,118762.16,661,12,Yes
CUST101236,49,31560.38,54142.82,594,72,Yes
CUST101237,38,66377.39,239408.25,704,24,No
CUST101238,22,58851.41,273270.89,850,84,No
CUST101239,21,72828.51,242568.41,634,48,Yes
CUST101240,25,60922.08,129852.84,640,48,Yes
CUST101241,40,20000.0,80721.94,730,36,No
CUST101242,31,60291.33,86059.04,629,12,No
CUST101243,62,62359.52,48976.05,740,48,No
CUST101244,22,85841.53,143557.28,615,36,Yes
CUST101245,23,52545.01,246340.68,844,60,No
CUST101246,43,111966.87,141500.24,711,36,No
CUST101247,32,22208.99,168139.37,624,24,No
CUST101248,40,102779.19,232535.82,627,24,No
CUST101249,25,64392.03,125754.28,633,60,No
CUST101250,57,91489.62,272131.89,803,12,No
CUST101251,58,71995.04,269525.66,565,72,Yes
CUST101252,50,98488.89,142133.32,619,24,No
CUST101253,29,60315.95,115347.94,629,24,No
CUST101254,54,42534.49,191834.28,678,36,No
CUST101255,64,105512.61,129148.5,655,36,No
CUST101256,55,67162.98,80606.69,545,36,No
CUST101257,42,75538.96,226874.32,644,48,No
CUST101258,64,100868.8,222986.84,671,84,Yes
CUST101259,44,44201.12,159330.7,623,60,Yes
CUST101260,37,84887.27,74228.11,741,12,No
CUST101261,30,55252.63,76228.42,762,36,No
CUST101262,50,66695.77,156433.76,672,12,Yes
CUST101263,43,71806.97,120007.74,700,84,No
CUST101264,52,32494.45,129534.42,485,36,Yes
CUST101265,37,50529.07,211317.79,642,24,No
CUST101266,37,103776.82,193990.76,770,84,No
CUST101267,34,92154.78,232688.56,641,12,Yes
CUST101268,29,68434.01,90562.61,613,48,No
CUST101269,60,76078.09,129408.51,850,36,No
CUST101270,22,62643.94,195538.9,843,72,No
CUST101271,65,103914.58,176884.7,722,60,No
CUST101272,45,64991.19,241942.82,782,24,Yes
CUST101273,59,75796.05,175232.2,479,84,Yes
CUST101274,29,98650.75,260886.55,609,84,Yes
CUST101275,42,50565.71,182401.07,637,36,Yes
CUST101276,63,108969.73,213730.05,658,84,No
CUST101277,24,31738.46,130589.1,635,12,Yes
CUST101278,46,110741.05,150857.23,450,36,No
CUST101279,49,60683.11,204656.66,714,24,No
CUST101280,65,63932.53,246778.69,728,60,Yes
CUST101281,54,22749.75,193754.22,824,60,Yes
CUST101282,43,58630.13,145009.69,609,60,No
CUST101283,57,44004.84,232640.1,601,72,Yes
CUST101284,31,54808.84,18481.28,438,24,No
CUST101285,26,66567.23,64665.93,653,72,No
CUST101286,38,93944.79,190898.05,761,72,No
CUST101287,41,75190.08,150846.5,624,84,No
CUST101288,62,77691.92,186330.82,850,36,No
CUST101289,56,42612.02,153864.45,656,24,No
CUST101290,61,47981.15,184256.74,693,24,Yes
CUST101291,58,114968.13,101135.83,557,84,Yes
CUST101292,54,51619.97,184229.17,705,36,No
CUST101293,37,111405.21,209664.87,501,48,No
CUST101294,57,63923.47,223233.04,742,72,No
CUST101295,45,70057.2,270813.26,745,60,No
CUST101296,58,96759.13,164645.91,802,12,No
CUST101297,32,101797.31,166434.67,588,72,Yes
CUST101298,43,67229.69,58609.65,694,12,No
CUST101299,62,60293.92,118115.32,730,36,No
CUST101300,42,68601.99,138415.08,719,12,No
CUST101301,41,78448.94,213019.17,602,48,No
CUST101302,47,92282.59,113339.93,464,24,No
CUST101303,51,70105.75,197780.4,711,60,No
CUST101304,26,85472.16,149902.7,666,12,No
CUST101305,47,110958.99,139369.91,628,12,No
CUST101306,60,79532.74,164933.64,748,36,No
CUST101307,54,77791.32,126530.62,675,36,No
CUST101308,32,32027.23,124257.77,561,84,Yes
CUST101309,65,20000.0,47712.85,506,24,Yes
CUST101310,27,79709.39,135122.75,578,60,Yes
CUST101311,30,67629.39,121201.91,850,84,No
CUST101312,65,57130.43,119041.14,745,84,No
CUST101313,37,76088.26,175012.38,696,12,Yes
CUST101314,46,68489.91,189517.92,663,24,Yes
CUST101315,41,98194.51,163931.67,657,60,Yes
CUST101316,48,72152.77,209724.91,785,24,Yes
CUST101317,22,51326.92,184533.72,635,12,No
CUST101318,63,94754.16,132296.63,731,36,No
CUST101319,21,64571.72,122228.62,648,36,No
CUST101320,56,83163.42,168769.33,850,36,No
CUST101321,46,58064.73,184426.03,746,48,No
CUST101322,49,53754.33,233870.66,792,24,Yes
CUST101323,41,72104.21,221470.38,627,12,Yes
CUST101324,31,70320.72,117511.62,775,24,No
CUST101325,60,81995.68,143879.62,651,36,Yes
CUST101326,31,63283.86,190261.07,689,72,Yes
CUST101327,56,24091.01,214079.87,827,72,Yes
CUST101328,59,59180.65,206338.17,586,24,No
CUST101329,60,89845.46,146167.33,698,60,No
CUST101330,55,62565.6,74758.64,719,72,No
CUST101331,54,63840.41,90063.82,726,72,No
CUST101332,44,94659.41,166358.01,639,24,No
CUST101333,42,52200.67,170533.53,850,84,No
CUST101334,25,31429.92,84079.24,563,48,Yes
CUST101335,53,65984.22,152674.18,811,48,Yes
CUST101336,56,57895.65,187873.46,789,36,No
CUST101337,40,45843.84,80926.4,850,12,No
CUST101338,39,65615.54,216299.83,537,84,Yes
CUST101339,55,82287.64,127348.13,601,60,No
CUST101340,63,69767.79,225456.79,814,84,No
CUST101341,37,77674.53,117992.85,511,12,Yes
CUST101342,65,115335.19,88402.47,535,12,No
CUST101343,63,61428.03,122511.78,636,60,No
CUST101344,54,76958.72,144291.11,697,48,No
CUST101345,29,57269.67,126691.21,823,84,No
CUST101346,46,48841.01,137039.91,663,72,No
CUST101347,22,55377.31,170037.91,625,36,No
CUST101348,29,58031.04,139729.24,708,24,No
CUST101349,29,78986.89,146033.26,722,48,No
CUST101350,60,128726.89,47446.42,719,36,No
CUST101351,37,52098.91,173501.88,663,72,No
CUST101352,21,59584.37,144647.8,504,48,No
CUST101353,45,68421.92,246617.58,597,84,No
CUST101354,63,79894.97,93626.09,807,60,No
CUST101355,60,76588.77,41502.28,696,12,Yes
CUST101356,62,102102.39,187084.11,650,60,No
CUST101357,45,20000.0,170791.62,780,72,No
CUST101358,59,20000.0,89494.02,578,24,Yes
CUST101359,55,57603.05,58215.06,659,60,No
CUST101360,23,97432.5,242243.8,692,72,Yes
CUST101361,57,30858.8,234846.62,640,12,No
CUST101362,64,20000.0,5000.0,689,48,No
CUST101363,64,84279.49,122506.62,663,36,No
CUST101364,50,76091.43,249851.52,554,72,Yes
CUST101365,58,42744.79,121436.25,696,72,Yes
CUST101366,54,45361.51,120563.27,560,84,No
CUST101367,32,45756.41,133034.44,694,24,Yes
CUST101368,39,72763.38,82746.18,803,48,No
CUST101369,57,54342.12,47713.46,654,72,No
CUST101370,64,82351.6,213152.84,574,72,Yes
CUST101371,37,20000.0,39423.79,668,36,No
CUST101372,30,48578.7,164836.29,605,12,Yes
CUST101373,32,41848.65,203194.77,733,60,Yes
CUST101374,36,63591.48,62926.42,666,84,Yes
CUST101375,44,56548.81,94543.9,833,48,No
CUST101376,39,89946.09,222790.75,784,36,Yes
CUST101377,28,23516.58,181973.5,666,36,No
CUST101378,51,71137.29,112962.86,744,60,No
CUST101379,41,83958.41,222134.94,644,48,Yes
CUST101380,37,116416.19,222392.14,683,48,No
CUST101381,43,57955.85,166143.16,647,84,No
CUST101382,57,78111.47,95990.39,748,12,No
CUST101383,36,24903.43,125193.08,808,48,No
CUST101384,26,20000.0,167183.2,751,84,Yes
CUST101385,28,91119.36,138684.31,762,72,No
CUST101386,45,69860.99,206337.43,763,60,No
CUST101387,38,99462.82,58213.56,729,48,No
CUST101388,45,35664.93,60344.19,577,12,Yes
CUST101389,32,82997.55,160852.27,833,36,No
CUST101390,35,116720.45,120507.34,842,72,No
CUST101391,46,80492.64,112377.08,658,48,Yes
CUST101392,61,76914.54,43916.6,646,60,Yes
CUST101393,65,70213.9,151172.75,735,48,Yes
CUST101394,46,30727.96,146834.69,729,84,No
CUST101395,52,103889.32,189208.74,661,24,No
CUST101396,30,54728.56,154134.37,567,12,Yes
CUST101397,36,82612.08,142043.76,707,36,No
CUST101398,27,30924.14,220620.04,729,24,Yes
CUST101399,37,40513.51,71251.96,745,60,No
CUST101400,43,105877.18,182183.35,711,48,No
CUST101401,46,61317.44,49731.17,655,12,Yes
CUST101402,41,106331.89,99698.29,769,72,No
CUST101403,42,68044.23,77240.57,685,84,No
CUST101404,27,23952.56,196916.55,638,84,Yes
CUST101405,34,92301.69,146075.39,663,48,Yes
CUST101406,35,55252.69,149189.81,522,48,No
CUST101407,27,87467.22,83596.02,663,48,No
CUST101408,29,70630.27,132018.39,741,72,No
CUST101409,28,31422.04,104192.08,710,48,No
CUST101410,43,74107.37,173007.3,816,12,Yes
CUST101411,49,124905.58,90534.53,656,72,Yes
CUST101412,38,82324.66,229787.66,723,72,No
CUST101413,51,68562.06,49465.17,751,24,No
CUST101414,50,96883.59,101608.81,850,60,No
CUST101415,59,75266.71,250632.03,693,72,Yes
CUST101416,55,75238.36,123891.68,586,24,No
CUST101417,38,42709.37,71107.28,756,12,No
CUST101418,62,75846.2,163144.29,847,60,No
CUST101419,59,95886.09,121476.47,650,72,Yes
CUST101420,37,49098.45,99847.78,755,36,No
CUST101421,34,105612.4,84247.75,790,24,No
CUST101422,51,67707.35,316102.42,771,12,No
CUST101423,44,47805.76,134906.89,691,12,No
CUST101424,55,94940.8,34465.96,617,12,No
CUST101425,64,62830.14,239622.59,672,84,Yes
CUST101426,65,88987.87,186664.25,721,60,No
CUST101427,54,62706.03,104012.01,761,48,No
CUST101428,23,68504.35,94012.85,710,36,No
CUST101429,57,82339.01,190408.37,645,60,Yes
CUST101430,63,77272.43,135184.9,729,60,No
CUST101431,60,20111.71,34441.33,757,72,No
CUST101432,46,41968.91,257234.4,714,84,No
CUST101433,43,93235.25,123960.57,604,24,No
CUST101434,64,66696.59,239734.3,663,36,No
CUST101435,59,56906.72,226706.1,765,12,No
CUST101436,35,36035.65,89939.43,555,60,Yes
CUST101437,24,43006.59,211991.39,491,36,Yes
CUST101438,49,20000.0,110913.45,815,24,No
CUST101439,42,67467.98,37997.96,726,48,No
CUST101440,45,55039.06,124524.11,734,36,Yes
CUST101441,33,45835.3,173858.25,583,84,Yes
CUST101442,38,68296.91,122235.8,746,84,No
CUST101443,53,79099.27,131577.1,704,12,No
CUST101444,36,122329.95,218613.96,537,84,No
CUST101445,65,32202.91,156389.64,808,60,No
CUST101446,62,98984.53,99402.1,694,48,Yes
CUST101447,64,94327.54,192121.82,644,24,No
CUST101448,22,50522.68,161860.53,645,12,Yes
CUST101449,55,75080.9,5000.0,498,48,Yes
CUST101450,62,58559.17,175701.17,733,72,Yes
CUST101451,54,74642.21,173509.72,703,72,Yes
CUST101452,50,107728.28,151207.27,662,24,Yes
CUST101453,33,85140.16,203502.03,795,12,No
CUST101454,33,82715.21,109656.38,555,84,No
CUST101455,38,59242.27,170189.99,626,60,No
CUST101456,52,32898.58,55982.44,603,24,No
CUST101457,52,64788.29,174425.42,654,84,Yes
CUST101458,55,100165.2,267183.58,686,48,No
CUST101459,59,31820.8,90308.62,718,12,Yes
CUST101460,49,43622.77,104411.87,648,72,Yes
CUST101461,49,73156.69,107399.07,601,72,No
CUST101462,64,45383.63,157799.89,831,36,No
CUST101463,36,50186.91,86217.82,850,12,No
CUST101464,64,59410.04,175274.84,692,48,Yes
CUST101465,30,35859.56,200810.4,611,48,Yes
CUST101466,50,45646.95,182060.83,812,36,No
CUST101467,45,87585.7,43895.07,549,84,No
CUST101468,59,37315.76,209710.06,649,48,No
CUST101469,40,30053.2,206242.04,617,84,Yes
CUST101470,25,54249.38,199809.68,575,84,No
CUST101471,21,88298.89,172370.53,654,12,No
CUST101472,50,65076.95,163211.36,602,84,Yes
CUST101473,23,58385.47,211943.36,681,72,No
CUST101474,65,71108.97,265410.81,682,24,No
CUST101475,34,26357.31,92817.57,624,72,No
CUST101476,50,82367.64,214687.52,646,84,No
CUST101477,24,79585.88,144826.97,659,72,Yes
CUST101478,38,59767.29,142219.62,752,12,No
CUST101479,57,95148.11,57808.16,666,84,No
CUST101480,45,41812.6,132912.64,754,48,No
CUST101481,21,98197.72,90164.1,732,36,No
CUST101482,35,73862.34,122168.73,731,36,No
CUST101483,29,61586.19,84108.82,804,60,No
CUST101484,35,69503.16,123065.5,579,36,Yes
CUST101485,44,67318.38,125633.38,637,36,No
CUST101486,24,100507.07,155805.3,838,48,No
CUST101487,32,43083.02,53115.01,656,24,No
CUST101488,57,50937.02,63268.91,426,24,Yes
CUST101489,57,95907.57,171714.86,661,48,Yes
CUST101490,63,55111.63,102153.71,692,36,No
CUST101491,26,92513.33,214471.79,444,12,Yes
CUST101492,59,112485.9,163516.18,800,72,No
CUST101493,44,59955.12,186405.73,615,84,Yes
CUST101494,31,87034.06,234641.54,709,72,No
CUST101495,33,41157.69,131417.35,659,24,No
CUST101496,54,88868.33,115530.8,564,48,Yes
CUST101497,45,74985.6,202302.16,583,12,Yes
CUST101498,27,81825.96,180570.81,595,36,Yes
CUST101499,24,53860.7,138760.18,777,48,No
CUST101500,28,28472.91,233487.48,666,24,Yes
CUST101501,40,82581.3,137265.34,633,84,No
CUST101502,49,20000.0,151966.42,595,12,Yes
CUST101503,65,62066.24,151273.36,787,12,No
CUST101504,30,93529.55,93924.37,811,24,No
CUST101505,63,74797.44,154655.12,786,12,Yes
CUST101506,54,118708.57,233805.61,724,72,No
CUST101507,46,95627.73,176698.1,706,84,No
CUST101508,61,53652.54,151863.81,570,24,Yes
CUST101509,23,70682.83,140293.96,657,72,No
CUST101510,26,68815.73,169852.02,618,48,No
CUST101511,25,30445.58,194986.0,515,60,Yes
CUST101512,25,46490.03,186554.33,775,84,No
CUST101513,43,55980.98,130088.11,617,36,No
CUST101514,29,20000.0,169486.9,787,48,Yes
CUST101515,55,71187.34,178796.38,759,72,No
CUST101516,40,63773.2,89568.3,730,36,No
CUST101517,62,28177.65,160093.83,735,36,No
CUST101518,55,80105.32,20321.77,624,72,No
CUST101519,38,87896.82,178952.02,847,72,No
CUST101520,37,75675.86,189620.58,683,84,Yes
CUST101521,44,61898.3,194852.77,707,24,Yes
CUST101522,23,84786.05,126297.19,621,60,No
CUST101523,52,87005.51,168542.81,596,84,Yes
CUST101524,55,77685.09,235437.23,722,72,No
CUST101525,58,49384.69,234826.18,699,36,No
CUST101526,33,76915.02,148249.64,608,36,No
CUST101527,45,99887.02,158359.18,550,48,Yes
CUST101528,29,55084.27,216654.67,565,60,Yes
CUST101529,24,122448.48,59951.88,787,60,No
CUST101530,34,56859.23,130615.46,624,36,Yes
CUST101531,57,70810.18,230134.23,649,60,No
CUST101532,54,53187.86,208512.03,810,48,No
CUST101533,31,75581.77,172155.83,579,24,Yes
CUST101534,61,26444.46,59650.06,614,36,No
CUST101535,23,56348.96,147005.39,610,12,Yes
CUST101536,48,42696.97,114605.08,825,36,No
CUST101537,49,73383.46,169862.33,850,36,No
CUST101538,29,94861.18,101439.2,747,24,No
CUST101539,23,86150.15,88456.6,750,72,No
CUST101540,45,20000.0,26108.08,627,72,No
CUST101541,54,121051.74,223308.28,850,12,No
CUST101542,32,77382.0,126013.77,704,12,No
CUST101543,62,50587.52,159428.75,756,12,Yes
CUST101544,29,73928.2,149865.71,670,72,No
CUST101545,35,74404.75,85953.96,655,84,No
CUST101546,60,53328.78,74456.11,829,24,No
CUST101547,45,74947.92,89681.09,728,60,No
CUST101548,25,54813.19,106609.89,810,12,No
CUST101549,31,59890.95,171996.37,702,60,No
CUST101550,54,52843.02,102256.94,603,48,No
CUST101551,44,34183.22,254789.44,627,24,Yes
CUST101552,35,73645.91,211629.06,689,60,Yes
CUST101553,58,84632.49,198501.57,623,72,Yes
CUST101554,28,82872.09,142820.47,580,84,Yes
CUST101555,25,90498.13,240856.84,788,72,No
CUST101556,46,78108.51,136919.66,630,12,Yes
CUST101557,38,56681.86,148124.32,692,84,No
CUST101558,26,90991.6,160198.47,706,12,No
CUST101559,57,36062.06,192109.38,627,84,No
CUST101560,33,47483.22,188214.48,810,60,No
CUST101561,48,45895.0,121492.48,579,72,Yes
CUST101562,25,97001.4,118020.38,703,60,No
CUST101563,33,93569.71,188394.18,702,48,No
CUST101564,37,82182.63,192914.2,675,24,No
CUST101565,60,96798.25,126398.93,563,72,No
CUST101566,65,48017.93,54768.72,758,36,No
CUST101567,52,78714.88,137561.03,746,72,No
CUST101568,49,66870.64,187411.55,619,48,No
CUST101569,23,91172.05,258325.01,743,72,Yes
CUST101570,60,67119.39,78122.52,713,48,No
CUST101571,54,60376.43,124405.72,564,72,Yes
CUST101572,60,83522.71,126635.79,603,48,No
CUST101573,47,91904.23,231348.32,782,84,No
CUST101574,33,53291.37,147903.51,707,12,No
CUST101575,65,68473.11,95560.41,629,60,No
CUST101576,53,43538.98,183521.72,602,72,No
CUST101577,26,20000.0,125721.69,633,24,Yes
CUST101578,44,75011.49,76536.76,639,12,Yes
CUST101579,39,85222.63,96433.6,603,48,No
CUST101580,36,76551.67,254042.52,523,24,Yes
CUST101581,60,21260.96,173052.55,782,12,No
CUST101582,48,61228.76,156465.6,767,36,Yes
CUST101583,53,20000.0,135006.38,565,72,Yes
CUST101584,61,104242.53,167528.93,692,72,Yes
CUST101585,33,42848.64,166814.16,598,48,Yes
CUST101586,63,101385.09,167530.13,656,12,No
CUST101587,65,93646.74,156890.71,648,12,No
CUST101588,45,47485.24,202127.9,641,48,Yes
CUST101589,62,41680.38,151386.26,850,36,No
CUST101590,56,78759.26,91323.67,640,72,No
CUST101591,47,48891.9,113254.63,607,60,No
CUST101592,58,72562.12,31258.88,611,36,No
CUST101593,27,57929.31,271609.03,773,48,No
CUST101594,25,25471.04,201765.28,531,60,Yes
CUST101595,63,20000.0,100195.77,611,12,Yes
CUST101596,65,75667.11,133089.31,810,84,No
CUST101597,51,55961.06,111787.41,701,84,No
CUST101598,43,56172.75,242552.83,697,36,No
CUST101599,62,87396.6,64807.37,850,84,No
CUST101600,30,99336.06,156868.56,702,36,No
CUST101601,52,63186.38,143488.33,616,84,Yes
CUST101602,63,61485.03,199610.32,654,72,No
CUST101603,50,82503.58,143759.45,577,84,No
CUST101604,59,36076.61,44507.47,793,72,No
CUST101605,51,75578.83,134932.93,731,60,No
CUST101606,38,83797.15,91670.27,781,12,No
CUST101607,56,87005.76,154774.77,789,36,No
CUST101608,22,21581.18,236050.62,642,60,Yes
CUST101609,34,50966.12,45634.49,594,36,Yes
CUST101610,33,48043.42,101986.64,675,84,No
CUST101611,49,72497.17,116838.42,601,72,No
CUST101612,32,82018.61,127102.13,694,12,No
CUST101613,59,107417.76,194407.54,781,84,No
CUST101614,22,57625.86,139587.33,664,12,Yes
CUST101615,52,57560.69,174948.16,693,24,No
CUST101616,33,98741.8,112453.62,671,60,No
CUST101617,47,77414.42,163795.46,752,72,No
CUST101618,61,101691.29,196667.86,619,72,No
CUST101619,37,77218.2,106062.03,482,72,No
CUST101620,60,41072.08,196881.49,722,84,No
CUST101621,51,36671.79,153142.37,768,48,No
CUST101622,54,31212.19,212727.61,720,36,No
CUST101623,44,86551.3,137914.81,622,12,No
CUST101624,65,99714.92,172874.68,577,36,Yes
CUST101625,55,116234.05,147563.63,724,36,No
CUST101626,26,91077.63,144227.26,692,48,No
CUST101627,39,99070.96,165535.83,668,12,No
CUST101628,50,55499.59,182208.45,844,24,Yes
CUST101629,27,41089.6,75026.11,594,72,No
CUST101630,30,91251.98,236018.02,839,60,No
CUST101631,61,80442.02,38420.22,682,36,No
CUST101632,52,72686.11,108911.27,514,48,No
CUST101633,54,79684.29,144343.86,663,48,No
CUST101634,48,78079.64,174741.36,766,60,No
CUST101635,35,102095.42,244570.35,647,60,Yes
CUST101636,50,102374.64,38502.51,547,84,Yes
CUST101637,57,83605.51,119538.35,665,12,No
CUST101638,49,91145.07,22389.99,602,36,No
CUST101639,42,82851.56,151897.32,724,36,No
CUST101640,24,58470.76,166301.02,749,60,Yes
CUST101641,40,88914.12,245447.74,584,72,Yes
CUST101642,52,35137.62,157238.09,616,84,Yes
CUST101643,56,96347.29,212641.51,748,24,Yes
CUST101644,24,40136.93,185030.22,602,36,Yes
CUST101645,47,77145.08,123885.11,582,48,No
CUST101646,37,48871.15,65462.36,573,72,Yes
CUST101647,32,83834.72,166500.14,711,60,No
CUST101648,42,69151.87,60473.88,707,36,No
CUST101649,37,30131.1,227712.42,618,12,Yes
CUST101650,30,80517.49,140276.27,680,60,No
CUST101651,21,55551.98,221710.64,817,48,No
CUST101652,42,92028.67,121187.13,592,12,No
CUST101653,46,70033.14,166131.05,504,84,Yes
CUST101654,38,79885.52,162560.93,720,60,No
CUST101655,34,46060.78,147297.35,670,60,Yes
CUST101656,49,55266.69,124040.43,616,36,Yes
CUST101657,32,58534.03,173547.36,738,12,Yes
CUST101658,56,91417.56,94430.2,755,84,No
CUST101659,55,111934.43,77433.88,481,60,No
CUST101660,32,49870.71,224569.61,621,72,No
CUST101661,27,96921.2,193630.08,850,48,No
CUST101662,49,20000.0,153953.5,732,12,Yes
CUST101663,31,40145.26,249908.54,740,72,Yes
CUST101664,53,46030.54,133934.07,785,36,No
CUST101665,26,36187.28,229362.19,681,24,No
CUST101666,35,30410.29,160534.45,751,84,No
CUST101667,52,80324.97,88514.95,744,60,No
CUST101668,31,64648.31,260882.41,728,24,No
CUST101669,43,79485.13,209442.65,651,60,No
CUST101670,46,87261.82,142738.74,695,72,No
CUST101671,54,76640.42,193630.28,627,36,No
CUST101672,54,86444.08,125777.79,681,36,No
CUST101673,49,68261.69,199748.94,574,36,Yes
CUST101674,24,40325.17,6535.29,608,36,No
CUST101675,37,96445.35,88811.92,654,12,No
CUST101676,55,55272.2,208755.58,595,12,Yes
CUST101677,33,46610.09,135020.67,634,60,Yes
CUST101678,61,65552.05,162452.54,665,12,No
CUST101679,59,47179.73,69192.86,716,60,No
CUST101680,35,59564.24,260872.02,765,84,No
CUST101681,49,78601.35,221431.78,638,12,No
CUST101682,49,78708.54,137958.89,800,12,No
CUST101683,31,47554.25,125718.25,764,12,No
CUST101684,52,57807.37,211776.26,725,84,No
CUST101685,22,96858.33,268948.23,693,48,Yes
CUST101686,34,82410.0,207225.62,708,84,No
CUST101687,40,121876.63,280308.16,786,36,No
CUST101688,42,99503.2,94658.92,790,84,No
CUST101689,31,98607.33,100836.79,800,48,No
CUST101690,47,35303.29,78663.53,683,12,No
CUST101691,23,89096.51,176505.64,729,12,No
CUST101692,37,68672.33,160536.21,800,48,Yes
CUST101693,64,56225.45,140882.93,623,72,No
CUST101694,48,74200.38,198555.52,651,60,No
CUST101695,49,93630.29,223939.72,681,36,Yes
CUST101696,41,82520.79,58460.26,760,84,No
CUST101697,36,48038.15,114181.68,762,60,No
CUST101698,57,88561.47,199208.62,659,72,Yes
CUST101699,40,54060.31,121935.68,544,36,Yes
CUST101700,26,75417.08,102107.64,702,24,No
CUST101701,39,62416.25,211112.25,597,36,Yes
CUST101702,25,64528.34,72630.0,545,84,Yes
CUST101703,23,89156.07,131905.21,566,60,No
CUST101704,21,43995.16,169718.64,709,36,Yes
CUST101705,58,118629.88,115570.81,802,24,No
CUST101706,35,24472.85,196989.34,683,24,No
CUST101707,54,55058.31,115867.38,699,12,Yes
CUST101708,55,79255.3,234517.17,786,84,No
CUST101709,45,84607.85,142455.22,540,24,No
CUST101710,44,67488.11,190276.21,726,48,No
CUST101711,32,68565.23,194761.44,678,60,No
CUST101712,38,80263.75,112347.6,730,48,No
CUST101713,35,64223.26,26790.81,636,72,No
CUST101714,64,104829.53,171645.35,606,48,No
CUST101715,36,90983.73,154337.3,692,60,No
CUST101716,47,91820.61,183349.56,828,72,No
CUST101717,28,45846.08,136408.35,757,48,No
CUST101718,45,68015.29,124174.34,634,48,No
CUST101719,37,62488.35,270508.38,559,84,Yes
CUST101720,49,44859.97,61658.76,528,72,No
CUST101721,28,79004.1,194037.03,798,48,Yes
CUST101722,35,56558.86,115523.89,594,24,Yes
CUST101723,47,86385.1,129853.28,650,60,No
CUST101724,27,43245.21,130973.83,798,60,No
CUST101725,23,112976.02,101793.94,534,60,No
CUST101726,49,47591.68,184273.45,814,48,No
CUST101727,64,75482.56,233438.62,657,24,No
CUST101728,44,89796.48,178200.82,576,60,No
CUST101729,23,55733.99,156202.92,657,36,Yes
CUST101730,40,91311.72,90813.57,614,60,No
CUST101731,35,39270.41,181009.52,719,12,No
CUST101732,45,106302.94,279380.98,621,36,No
CUST101733,50,70353.73,127158.32,507,60,Yes
CUST101734,34,55089.71,127440.99,660,48,No
CUST101735,27,62520.46,116334.65,557,60,Yes
CUST101736,37,90222.98,120635.15,698,24,No
CUST101737,64,55388.62,5000.0,573,24,Yes
CUST101738,40,51266.06,174302.12,636,60,Yes
CUST101739,56,64461.59,99266.87,696,84,No
CUST101740,29,40575.95,53384.21,660,48,Yes
CUST101741,58,115513.6,195191.4,702,48,No
CUST101742,42,55840.14,85078.93,741,48,No
CUST101743,22,90790.42,129679.86,575,60,No
CUST101744,44,75236.75,237986.54,674,60,No
CUST101745,28,45386.65,65447.05,380,12,No
CUST101746,31,69851.13,58044.11,702,24,No
CUST101747,33,89600.07,166158.37,652,84,Yes
CUST101748,37,65293.47,218969.24,591,36,Yes
CUST101749,28,99827.82,55539.5,708,36,No
CUST101750,41,95537.88,174461.38,785,24,No
CUST101751,38,92972.87,184859.97,637,72,No
CUST101752,50,58508.58,26450.37,594,12,No
CUST101753,38,43003.94,197910.08,694,24,Yes
CUST101754,51,54660.31,202596.35,559,12,Yes
CUST101755,58,74906.02,131292.87,620,72,No
CUST101756,52,83644.67,225140.78,790,12,No
CUST101757,31,20000.0,218187.33,685,48,Yes
CUST101758,65,69797.17,156187.08,510,24,Yes
CUST101759,45,73952.23,122913.28,518,36,No
CUST101760,53,63061.39,91630.33,694,60,No
CUST101761,58,102281.85,147746.19,757,72,No
CUST101762,61,80544.5,184185.54,534,72,Yes
CUST101763,28,102754.8,130549.39,720,60,No
CUST101764,31,64600.99,18149.94,799,24,No
CUST101765,42,93436.94,226122.83,849,84,No
CUST101766,44,110876.66,161413.39,709,60,No
CUST101767,61,102792.34,127222.53,725,12,No
CUST101768,37,42696.46,201429.5,488,60,Yes
CUST101769,32,63658.1,241478.32,850,12,Yes
CUST101770,52,61370.88,5000.0,628,12,No
CUST101771,35,82231.36,176055.82,595,36,Yes
CUST101772,36,87158.84,64401.05,657,60,No
CUST101773,42,49027.68,179946.63,816,84,No
CUST101774,48,71695.96,157675.63,850,36,No
CUST101775,40,20000.0,188143.59,691,84,No
CUST101776,53,106048.63,120045.14,769,60,No
CUST101777,30,57190.64,37605.59,683,84,Yes
CUST101778,60,71396.6,122977.91,586,12,No
CUST101779,52,62258.76,174410.86,812,84,No
CUST101780,53,98650.69,210923.54,624,60,No
CUST101781,22,20000.0,79690.12,818,72,No
CUST101782,53,69584.74,211623.63,796,72,No
CUST101783,53,67354.53,111127.66,735,36,No
CUST101784,61,58659.09,171746.99,844,48,Yes
CUST101785,33,113155.66,119406.36,850,72,No
CUST101786,50,47816.76,160930.24,664,84,No
CUST101787,53,89294.9,203512.66,607,36,Yes
CUST101788,33,78906.32,76379.16,512,84,Yes
CUST101789,46,101537.98,109205.65,850,48,No
CUST101790,42,53320.27,161097.76,640,24,Yes
CUST101791,59,51675.78,294095.02,782,36,Yes
CUST101792,22,97401.75,98208.62,613,72,No
CUST101793,58,80633.03,272408.03,818,72,No
CUST101794,59,31376.57,270265.4,616,60,Yes
CUST101795,46,56517.37,144161.33,572,48,Yes
CUST101796,35,79659.57,132110.85,661,72,No
CUST101797,54,90944.11,108476.09,632,60,No
CUST101798,62,53019.23,145907.85,733,48,Yes
CUST101799,64,20000.0,65596.83,675,36,Yes
CUST101800,60,83080.58,145425.66,736,36,No
CUST101801,31,39491.98,239812.82,653,60,Yes
CUST101802,23,20000.0,113334.9,620,36,Yes
CUST101803,26,20000.0,135556.54,627,60,Yes
CUST101804,29,90349.52,47931.57,850,12,No
CUST101805,26,73215.44,172443.73,700,84,Yes
CUST101806,29,64358.59,165868.9,501,48,Yes
CUST101807,59,104725.61,153822.14,633,60,Yes
CUST101808,51,85933.12,136990.38,688,48,No
CUST101809,52,110407.5,132434.52,846,12,No
CUST101810,61,35181.61,180114.01,772,48,Yes
CUST101811,32,69136.23,148271.0,597,60,No
CUST101812,28,29582.17,168898.31,850,84,No
CUST101813,28,64265.44,162898.97,677,84,Yes
CUST101814,48,63784.6,217405.64,792,36,Yes
CUST101815,40,85665.34,190619.65,576,84,No
CUST101816,27,71139.1,161571.71,464,84,Yes
CUST101817,31,85585.18,241105.32,553,48,Yes
CUST101818,40,87586.0,175216.11,387,48,No
CUST101819,36,123873.22,228297.76,850,72,No
CUST101820,24,62117.58,186416.56,699,72,No
CUST101821,26,46474.43,39484.86,596,12,No
CUST101822,42,76152.09,228290.09,720,24,No
CUST101823,46,49943.0,158110.57,697,84,No
CUST101824,23,107049.02,146882.71,735,36,No
CUST101825,61,62919.55,166880.9,788,84,Yes
CUST101826,62,55860.59,129301.01,653,60,No
CUST101827,34,58217.11,163621.73,600,12,Yes
CUST101828,31,87960.44,114487.44,754,60,No
CUST101829,38,66056.33,226456.34,752,60,No
CUST101830,32,53958.33,143184.71,689,48,Yes
CUST101831,43,111633.8,127044.97,850,12,No
CUST101832,32,48595.75,94504.45,640,12,No
CUST101833,33,70889.15,166126.55,599,72,No
CUST101834,45,86307.65,161226.43,717,36,No
CUST101835,65,29216.62,173305.48,619,24,No
CUST101836,39,82006.51,88364.89,724,60,No
CUST101837,56,43622.31,53929.13,605,84,No
CUST101838,65,90569.57,187535.48,643,36,Yes
CUST101839,28,45933.72,239078.51,850,84,No
CUST101840,49,87319.23,88418.78,643,72,No
CUST101841,52,97645.83,245366.48,608,36,No
CUST101842,64,91535.91,167034.66,785,60,No
CUST101843,38,76282.92,149576.23,585,48,Yes
CUST101844,26,64217.48,126147.08,617,48,No
CUST101845,38,55589.51,66928.92,731,60,No
CUST101846,39,106775.87,209263.71,764,72,No
CUST101847,42,52512.62,103463.62,789,72,No
CUST101848,57,44073.35,103211.6,612,12,Yes
CUST101849,52,86634.22,209515.58,733,24,Yes
CUST101850,61,50096.58,37020.99,638,84,No
CUST101851,23,46248.41,58584.13,625,48,No
CUST101852,48,33909.89,148911.95,788,24,Yes
CUST101853,30,57927.25,167597.07,630,36,No
CUST101854,55,67932.12,179084.08,705,84,No
CUST101855,49,76077.29,131892.09,694,84,No
CUST101856,35,93782.66,301822.18,583,84,Yes
CUST101857,53,83172.45,136326.45,766,36,No
CUST101858,27,65228.19,136152.83,730,60,No
CUST101859,32,65045.11,102180.8,501,60,No
CUST101860,50,82753.94,157434.41,704,60,No
CUST101861,41,101814.25,186897.67,610,84,No
CUST101862,51,73157.85,222214.68,778,72,Yes
CUST101863,44,58271.73,60642.94,549,48,No
CUST101864,40,45178.35,135240.28,647,24,Yes
CUST101865,57,33869.87,176802.22,712,36,Yes
CUST101866,24,86656.74,185223.45,684,24,Yes
CUST101867,48,84449.46,150392.92,748,48,No
CUST101868,64,84434.09,182545.44,543,84,Yes
CUST101869,40,66783.51,101462.17,828,24,No
CUST101870,44,105173.37,243474.33,727,84,No
CUST101871,52,57897.04,209557.69,802,24,No
CUST101872,61,93881.73,69304.33,758,72,No
CUST101873,56,69031.43,85493.82,678,60,No
CUST101874,54,54791.23,87184.69,564,72,Yes
CUST101875,56,84813.26,190678.2,629,72,No
CUST101876,22,80240.9,72916.33,823,84,No
CUST101877,35,78924.32,130138.54,804,24,No
CUST101878,54,72031.96,177282.26,624,24,Yes
CUST101879,56,69052.67,146030.04,426,72,Yes
CUST101880,26,129709.3,165533.25,660,24,No
CUST101881,59,99606.42,86051.84,654,72,No
CUST101882,62,88070.67,185691.26,657,12,No
CUST101883,32,72794.98,113207.29,727,72,No
CUST101884,23,95178.93,130522.82,758,36,No
CUST101885,65,82949.87,164263.9,769,36,No
CUST101886,38,70655.12,156184.69,720,24,No
CUST101887,60,62410.89,151438.8,517,72,Yes
CUST101888,41,67977.07,104962.39,649,72,No
CUST101889,35,20000.0,132027.04,850,60,Yes
CUST101890,53,75265.02,150131.02,713,84,No
CUST101891,55,57788.1,67494.89,713,60,No
CUST101892,46,109816.75,122248.02,712,60,No
CUST101893,28,70483.6,173260.79,717,72,No
CUST101894,56,40275.91,73353.8,465,72,Yes
CUST101895,50,68753.0,219394.9,658,36,No
CUST101896,43,43846.97,226176.8,676,48,Yes
CUST101897,62,81835.19,75290.97,795,24,No
CUST101898,64,77273.68,231457.18,684,36,No
CUST101899,34,93945.99,141385.1,531,60,Yes
CUST101900,34,50227.96,175110.87,718,36,Yes
CUST101901,22,70850.2,120200.94,607,36,No
CUST101902,57,35874.46,205382.69,570,36,Yes
CUST101903,25,87537.37,174365.64,604,60,Yes
CUST101904,58,82971.78,101150.8,728,48,No
CUST101905,65,82395.13,80087.88,793,12,No
CUST101906,61,70040.48,62381.85,723,24,No
CUST101907,34,80369.32,161276.51,736,24,No
CUST101908,59,110108.48,184348.28,722,84,No
CUST101909,45,62872.64,189057.94,689,36,No
CUST101910,40,73466.13,142921.13,742,48,No
CUST101911,22,42846.84,80580.21,462,60,No
CUST101912,59,48293.48,109075.51,689,12,Yes
CUST101913,26,72445.33,219140.92,585,12,Yes
CUST101914,37,97598.34,120922.29,784,36,No
CUST101915,45,63592.98,158605.06,666,36,Yes
CUST101916,48,64102.09,85460.97,682,60,No
CUST101917,22,59827.87,170194.98,544,84,Yes
CUST101918,55,56631.08,122538.93,771,60,Yes
CUST101919,57,77374.29,212802.76,736,72,No
CUST101920,25,32568.56,196413.46,730,60,No
CUST101921,21,102023.49,120257.64,606,36,No
CUST101922,60,53364.44,142400.16,610,48,No
CUST101923,32,88047.59,116933.03,700,36,No
CUST101924,56,38250.04,64834.01,617,84,Yes
CUST101925,65,86721.0,98553.45,719,36,No
CUST101926,43,86798.62,161893.04,485,12,No
CUST101927,51,79605.05,169515.57,636,60,No
CUST101928,31,45139.29,158912.87,841,24,No
CUST101929,30,76238.7,131896.02,719,60,No
CUST101930,23,40423.6,205984.0,695,72,No
CUST101931,34,63680.92,153812.51,850,48,No
CUST101932,36,95735.33,192195.23,469,48,Yes
CUST101933,30,89917.55,43573.49,606,60,No
CUST101934,49,70379.57,5000.0,643,60,Yes
CUST101935,30,45629.84,167027.28,757,36,No
CUST101936,32,86139.69,64514.06,758,24,No
CUST101937,50,70484.53,137252.9,602,84,Yes
CUST101938,61,20000.0,131874.18,769,36,No
CUST101939,21,89565.75,245244.04,643,12,Yes
CUST101940,25,69394.18,173999.79,789,12,No
CUST101941,40,100061.28,159951.54,587,48,No
CUST101942,28,42618.24,200219.47,668,48,No
CUST101943,63,20000.0,172109.86,635,24,No
CUST101944,32,76977.1,122539.38,775,48,No
CUST101945,21,77289.09,214288.56,632,72,Yes
CUST101946,40,27733.21,83414.99,676,12,No
CUST101947,48,45537.51,169394.83,725,24,No
CUST101948,63,138880.44,57145.81,729,12,No
CUST101949,57,62359.73,162236.63,759,60,No
CUST101950,57,88273.97,161579.38,699,60,No
CUST101951,32,53733.5,250587.3,642,24,No
CUST101952,57,20000.0,56101.57,648,36,Yes
CUST101953,64,65743.54,113946.77,682,72,No
CUST101954,48,63359.89,199360.95,702,84,No
CUST101955,35,60003.04,170119.04,666,72,Yes
CUST101956,26,67133.98,160818.3,681,84,Yes
CUST101957,64,76606.71,92631.86,543,48,No
CUST101958,40,66247.08,114550.9,740,84,No
CUST101959,34,38399.85,224702.46,696,24,No
CUST101960,22,82154.62,146909.45,770,72,No
CUST101961,29,21265.71,172521.58,680,84,Yes
CUST101962,57,20000.0,143088.7,523,48,Yes
CUST101963,40,88479.51,79014.87,647,12,No
CUST101964,46,82675.51,206028.63,662,84,No
CUST101965,49,68565.12,180193.94,746,36,No
CUST101966,21,35113.79,288338.21,493,48,Yes
CUST101967,55,52302.23,89065.12,683,60,No
CUST101968,26,63431.33,199354.38,726,84,Yes
CUST101969,57,30102.65,71307.36,620,60,Yes
CUST101970,25,51524.28,159440.79,686,12,Yes
CUST101971,53,86308.26,208590.4,623,24,No
CUST101972,34,105682.63,25671.89,614,48,No
CUST101973,32,59514.13,137704.05,643,84,Yes
CUST101974,62,88912.21,116207.42,616,84,No
CUST101975,40,22148.5,107882.56,741,12,Yes
CUST101976,44,86486.28,173112.76,613,84,No
CUST101977,63,49901.29,217241.14,598,60,No
CUST101978,54,77683.64,142003.28,839,84,No
CUST101979,45,63806.19,162329.19,766,84,Yes
CUST101980,49,103010.35,156858.53,512,60,Yes
CUST101981,59,48139.11,150108.21,611,60,Yes
CUST101982,51,85690.16,84639.44,701,36,No
CUST101983,63,63012.31,216506.68,709,36,No
CUST101984,43,66042.36,167711.72,545,60,Yes
CUST101985,64,65403.65,173692.89,784,72,No
CUST101986,58,48858.17,101609.42,754,24,No
CUST101987,40,69647.53,122446.78,723,36,No
CUST101988,43,68433.79,139431.95,802,48,Yes
CUST101989,65,76031.01,57952.52,720,36,No
CUST101990,36,72112.63,48717.94,720,48,No
CUST101991,62,89949.86,113955.12,820,36,No
CUST101992,28,93087.72,181351.25,779,60,No
CUST101993,41,43734.42,110811.76,604,84,No
CUST101994,21,91719.31,88871.69,736,48,No
CUST101995,28,40341.59,101118.86,620,84,Yes
CUST101996,49,84696.4,122679.45,725,84,No
CUST101997,52,85493.47,128768.46,722,24,No
CUST101998,58,22217.08,279931.29,555,36,Yes
CUST101999,25,72324.48,213277.24,669,36,Yes
CUST102000,42,58287.6,211486.45,703,60,Yes
CUST102001,54,51030.87,220114.82,640,48,No
CUST102002,21,103771.31,90070.75,708,72,No
CUST102003,46,53658.02,76658.12,752,60,No
CUST102004,63,49840.58,83587.78,677,84,Yes
CUST102005,30,71892.37,230070.37,700,48,No
CUST102006,50,87139.74,117168.49,804,36,No
CUST102007,38,66458.79,74918.63,722,36,No
CUST102008,37,99159.26,124140.23,698,36,No
CUST102009,46,83274.39,135683.67,593,36,Yes
CUST102010,28,20000.0,166104.8,740,12,Yes
CUST102011,60,56763.33,165057.06,709,36,No
CUST102012,32,55953.95,100309.17,795,36,No
CUST102013,47,81984.02,191139.38,684,72,No
CUST102014,28,20000.0,111648.39,516,72,Yes
CUST102015,45,133725.24,140623.42,526,48,Yes
CUST102016,24,83275.65,191206.44,746,84,No
CUST102017,53,73721.92,111490.72,628,36,Yes
CUST102018,21,99539.19,115838.91,719,36,No
CUST102019,39,128591.35,185500.08,690,48,No
CUST102020,51,91768.67,98536.01,664,84,No
CUST102021,36,93720.33,126912.48,671,36,No
CUST102022,34,73267.25,183344.53,602,36,Yes
CUST102023,25,66461.86,273245.55,678,60,No
CUST102024,61,58105.11,186324.27,627,12,No
CUST102025,46,49347.2,178358.39,646,48,No
CUST102026,48,52824.65,181848.1,650,60,No
CUST102027,22,36236.1,85608.58,659,72,No
CUST102028,26,68103.21,156935.8,762,84,No
CUST102029,29,27883.31,148214.01,668,24,Yes
CUST102030,53,74772.91,169295.07,772,24,Yes
CUST102031,61,69091.73,156990.48,818,72,Yes
CUST102032,45,73673.38,172781.98,756,12,No
CUST102033,33,56946.71,131311.97,728,84,No
CUST102034,29,146921.51,153516.54,709,84,No
CUST102035,33,104002.9,76330.29,757,24,No
CUST102036,51,38886.44,130805.56,688,12,No
CUST102037,61,75821.7,233450.01,768,24,Yes
CUST102038,31,54799.85,169128.5,735,24,Yes
CUST102039,24,44638.01,148744.74,647,84,No
CUST102040,54,36498.2,263767.4,760,60,No
CUST102041,58,80805.42,68349.9,688,84,No
CUST102042,24,52965.49,83432.67,670,24,Yes
CUST102043,58,94195.65,252762.68,637,84,No
CUST102044,39,94844.56,152757.66,694,72,No
CUST102045,26,104347.86,135445.02,769,12,No
CUST102046,54,48690.33,78047.74,760,36,No
CUST102047,38,81884.14,176861.78,711,84,No
CUST102048,33,85811.36,182667.59,733,84,No
CUST102049,61,58145.55,84330.34,794,36,No
CUST102050,43,50705.7,141583.46,666,36,Yes
CUST102051,39,110238.02,129869.05,579,12,No
CUST102052,65,75687.4,165358.63,797,12,No
CUST102053,31,85899.19,82844.99,632,36,Yes
CUST102054,21,49448.1,225116.85,617,72,No
CUST102055,44,39517.89,204949.43,518,24,Yes
CUST102056,27,55763.76,128209.47,731,36,Yes
CUST102057,45,66899.47,137014.88,534,48,Yes
CUST102058,41,43394.5,141814.67,612,84,Yes
CUST102059,35,69753.88,103301.49,732,12,No
CUST102060,21,27787.37,123394.23,744,48,No
CUST102061,32,41998.81,133783.78,621,48,No
CUST102062,27,86772.78,246772.1,667,12,Yes
CUST102063,35,85094.76,206797.1,601,84,No
CUST102064,41,60203.08,206079.28,630,36,Yes
CUST102065,39,44555.89,172195.54,703,72,Yes
CUST102066,49,44314.91,82960.38,634,60,No
CUST102067,45,60668.29,147510.53,658,48,Yes
CUST102068,53,86112.96,208229.31,548,36,Yes
CUST102069,52,93206.14,74504.12,781,60,No
CUST102070,55,57586.71,188193.19,725,84,No
CUST102071,64,41162.69,289356.55,751,48,No
CUST102072,58,76696.09,213709.0,796,36,No
CUST102073,46,49411.63,234841.75,605,48,Yes
CUST102074,31,57043.68,163100.33,647,36,Yes
CUST102075,55,103131.9,208075.92,509,84,Yes
CUST102076,28,90677.89,106928.81,850,72,No
CUST102077,34,73949.36,197751.83,666,84,Yes
CUST102078,30,38202.02,189263.29,773,24,Yes
CUST102079,22,75284.91,167394.67,568,24,No
CUST102080,29,96566.43,228960.45,769,84,No
CUST102081,23,60609.16,117672.91,847,12,No
CUST102082,41,103777.85,138776.55,674,60,Yes
CUST102083,46,102318.63,155727.72,589,84,Yes
CUST102084,28,111593.32,88223.34,667,84,No
CUST102085,22,77631.08,163615.92,479,48,No
CUST102086,26,84684.79,46864.18,676,48,No
CUST102087,48,105354.68,212817.27,753,36,No
CUST102088,49,81184.85,152798.24,676,60,No
CUST102089,46,57469.15,118746.43,654,48,Yes
CUST102090,45,58786.43,99937.58,727,60,No
CUST102091,32,75963.87,135925.26,734,84,No
CUST102092,25,37735.96,191295.58,530,60,Yes
CUST102093,54,66418.53,182864.34,687,24,Yes
CUST102094,57,97413.68,107667.72,850,48,No
CUST102095,35,20000.0,99237.62,559,48,Yes
CUST102096,64,108362.05,189413.92,672,12,Yes
CUST102097,56,98059.36,106659.16,850,60,No
CUST102098,35,58505.88,153594.59,779,36,No
CUST102099,63,83584.77,157425.28,633,24,No
CUST102100,43,70078.69,168723.73,698,84,No
CUST102101,26,100749.76,201496.23,679,12,No
CUST102102,64,94567.08,74222.22,612,24,Yes
CUST102103,63,34998.23,35330.44,673,36,Yes
CUST102104,65,84681.56,115953.16,654,12,No
CUST102105,41,64859.3,258091.7,690,24,No
CUST102106,43,72070.81,271330.45,612,36,No
CUST102107,63,51795.7,259870.63,565,72,Yes
CUST102108,36,113703.43,138421.12,676,12,No
CUST102109,35,96001.55,43073.1,834,36,No
CUST102110,45,51505.72,9417.65,687,12,No
CUST102111,56,36634.73,113157.71,650,48,No
CUST102112,31,60358.18,138115.58,747,48,Yes
CUST102113,35,80862.57,228037.52,665,24,No
CUST102114,24,76005.15,202068.33,848,60,No
CUST102115,41,101328.32,163644.3,679,72,No
CUST102116,33,89747.99,96609.31,743,84,No
CUST102117,42,94239.23,92353.23,612,60,No
CUST102118,39,78171.39,165247.66,725,84,No
CUST102119,54,35267.53,191823.06,704,84,Yes
CUST102120,34,65107.54,173512.88,674,84,Yes
CUST102121,24,96502.24,87924.12,634,36,No
CUST102122,47,68711.93,189040.06,622,12,Yes
CUST102123,49,82577.26,175554.66,705,48,No
CUST102124,48,62031.29,85760.02,736,60,No
CUST102125,55,44254.7,102940.74,668,84,No
CUST102126,28,66916.4,191309.76,705,48,Yes
CUST102127,36,77726.19,135929.55,676,84,No
CUST102128,62,53607.81,245348.84,688,72,No
CUST102129,56,64107.22,180067.76,661,36,No
CUST102130,50,46513.42,120802.13,681,72,No
CUST102131,38,97981.12,149387.66,850,72,No
CUST102132,22,62638.61,153803.0,708,36,Yes
CUST102133,33,106318.89,106296.58,738,12,No
CUST102134,24,108218.7,95244.71,719,72,No
CUST102135,46,67973.85,192083.39,656,60,No
CUST102136,45,44788.78,200716.4,796,84,No
CUST102137,50,20000.0,186226.89,653,36,Yes
CUST102138,31,33199.07,240919.09,774,36,Yes
CUST102139,27,35654.13,117493.61,649,84,Yes
CUST102140,51,104461.74,250456.25,593,48,Yes
CUST102141,64,72895.61,95944.73,712,24,No
CUST102142,30,79740.11,89238.87,580,72,No
CUST102143,59,20000.0,44402.47,728,60,Yes
CUST102144,33,40050.84,123252.28,572,12,Yes
CUST102145,51,92176.99,119776.66,651,72,No
CUST102146,27,77169.35,181556.24,551,84,Yes
CUST102147,62,66319.87,164633.46,850,12,No
CUST102148,62,84121.06,78421.6,531,48,No
CUST102149,56,110894.95,126436.43,680,72,Yes
CUST102150,40,64473.94,127712.28,782,12,No
CUST102151,24,71734.25,43441.07,773,72,No
CUST102152,27,74814.92,91143.2,756,36,No
CUST102153,21,129802.74,103751.18,651,72,Yes
CUST102154,64,20000.0,236017.5,801,60,Yes
CUST102155,65,87080.58,161487.04,762,72,No
CUST102156,62,67129.94,189730.13,699,12,Yes
CUST102157,33,84169.29,60081.87,701,60,No
CUST102158,42,53565.69,221652.87,652,12,No
CUST102159,41,68775.87,228066.12,598,84,No
CUST102160,42,87785.26,30099.3,791,84,No
CUST102161,48,147822.76,107681.0,798,24,No
CUST102162,29,90200.9,179745.93,600,24,Yes
CUST102163,46,48798.36,188663.31,666,60,Yes
CUST102164,29,59406.01,109290.32,667,84,No
CUST102165,35,58664.65,131670.03,677,24,No
CUST102166,30,25108.92,114157.14,685,24,Yes
CUST102167,44,61747.75,156625.08,765,36,Yes
CUST102168,62,88320.73,221830.71,612,12,Yes
CUST102169,28,38144.2,103737.47,603,24,No
CUST102170,44,96212.07,210049.23,791,60,No
CUST102171,36,82194.37,103099.68,638,36,No
CUST102172,46,51644.17,99142.37,566,84,Yes
CUST102173,47,66461.76,199115.68,636,24,No
CUST102174,57,109958.05,205316.18,650,72,No
CUST102175,24,88338.7,201084.6,819,84,No
CUST102176,44,70219.59,71052.16,763,60,No
CUST102177,39,64057.92,122042.94,783,12,No
CUST102178,56,71915.23,199379.32,753,84,No
CUST102179,59,57205.91,152492.51,765,72,No
CUST102180,30,20000.0,85578.43,618,84,Yes
CUST102181,45,121054.45,177499.08,662,24,Yes
CUST102182,38,73883.12,107111.56,590,60,Yes
CUST102183,39,79953.68,257671.49,661,72,No
CUST102184,56,68552.31,242690.49,741,60,No
CUST102185,30,51622.08,186245.85,692,48,No
CUST102186,53,65351.89,231660.4,798,84,No
CUST102187,25,30015.13,153887.48,577,72,Yes
CUST102188,55,126927.16,195926.25,725,60,No
CUST102189,64,39137.2,238663.22,567,72,No
CUST102190,54,44200.84,164729.92,688,48,No
CUST102191,53,58993.52,134688.77,746,12,No
CUST102192,41,102201.89,47722.68,660,12,No
CUST102193,37,70362.72,145011.99,729,84,Yes
CUST102194,42,39096.61,199405.39,593,36,Yes
CUST102195,57,101358.46,206738.01,530,72,No
CUST102196,35,88275.02,180261.9,730,48,No
CUST102197,55,83460.87,117522.05,836,60,No
CUST102198,48,87893.36,31390.71,590,36,No
CUST102199,27,129859.05,120287.09,789,72,No
CUST102200,52,124627.37,131739.31,683,36,No
CUST102201,31,52832.12,131224.26,559,72,Yes
CUST102202,30,110597.12,187113.38,578,84,Yes
CUST102203,29,79579.2,269140.58,681,84,No
CUST102204,34,82477.4,157411.75,643,12,No
CUST102205,33,27693.23,136996.09,561,60,Yes
CUST102206,45,65740.36,134446.69,527,48,No
CUST102207,22,49679.41,157463.09,603,84,Yes
CUST102208,55,90701.47,100302.37,697,12,No
CUST102209,27,96777.01,157211.91,679,36,No
CUST102210,41,20000.0,177048.74,634,24,Yes
CUST102211,38,69449.13,162581.16,698,84,No
CUST102212,23,98046.54,177452.52,773,36,No
CUST102213,62,65333.03,176024.86,715,24,No
CUST102214,59,88226.59,43686.2,669,72,Yes
CUST102215,61,78779.14,188212.21,763,12,Yes
CUST102216,31,78541.51,109739.11,593,72,No
CUST102217,59,63217.13,84249.65,659,48,No
CUST102218,44,39585.48,83732.89,661,60,No
CUST102219,39,41961.75,176012.5,568,84,Yes
CUST102220,24,87733.81,136645.5,642,24,Yes
CUST102221,46,70486.46,49081.87,493,84,Yes
CUST102222,58,66537.19,178682.27,850,60,No
CUST102223,62,59402.75,63623.51,595,72,Yes
CUST102224,52,62370.28,158389.28,822,12,Yes
CUST102225,59,96172.79,164309.94,683,12,Yes
CUST102226,65,61618.9,203134.62,730,72,Yes
CUST102227,56,36473.38,256901.09,636,72,Yes
CUST102228,60,88591.29,68119.42,698,12,No
CUST102229,57,64878.08,146851.57,738,48,No
CUST102230,53,70784.9,133419.88,739,24,No
CUST102231,56,110189.46,176024.98,749,60,No
CUST102232,23,69485.99,162940.13,646,36,Yes
CUST102233,29,77229.59,128847.23,636,84,No
CUST102234,28,40526.91,123545.87,536,72,Yes
CUST102235,53,64508.26,83012.95,727,72,No
CUST102236,26,85238.15,209271.69,777,84,Yes
CUST102237,61,31115.66,177552.25,825,12,Yes
CUST102238,59,75021.13,205066.09,707,60,Yes
CUST102239,24,72519.78,131376.23,611,60,No
CUST102240,33,71032.19,110589.87,527,48,No
CUST102241,22,95928.97,85301.1,773,24,No
CUST102242,25,78360.96,171535.06,518,48,Yes
CUST102243,64,106951.8,87612.41,649,48,Yes
CUST102244,47,45160.26,260919.78,659,60,Yes
CUST102245,52,73398.11,71541.45,673,24,Yes
CUST102246,41,72111.67,166419.61,683,24,Yes
CUST102247,28,43268.64,244011.28,692,24,Yes
CUST102248,58,93907.38,185945.39,462,84,Yes
CUST102249,28,128116.83,160540.42,681,12,No
CUST102250,23,69574.85,91890.98,479,24,Yes
CUST102251,64,82625.53,67093.85,745,60,No
CUST102252,23,72112.96,196203.01,630,84,Yes
CUST102253,42,52160.38,240368.83,485,12,Yes
CUST102254,26,24480.99,123669.0,606,36,Yes
CUST102255,22,52355.66,81656.31,628,72,No
CUST102256,43,35201.04,5000.0,787,48,No
CUST102257,64,112602.55,91154.11,697,24,Yes
CUST102258,22,67122.26,143180.59,711,36,Yes
CUST102259,58,61352.02,245947.39,786,24,No
CUST102260,37,92228.85,190388.02,671,48,No
CUST102261,55,41956.22,168305.12,747,60,No
CUST102262,54,50828.4,125992.82,741,60,No
CUST102263,43,71701.81,115010.06,564,48,No
CUST102264,50,95719.22,234338.86,812,36,No
CUST102265,28,82542.13,162044.31,552,12,Yes
CUST102266,42,76208.13,23843.96,762,72,No
CUST102267,64,71952.94,109587.62,543,72,No
CUST102268,56,80005.9,98507.04,734,72,No
CUST102269,25,75041.32,117224.16,847,12,No
CUST102270,33,44250.69,183774.64,660,24,Yes
CUST102271,49,71151.98,143553.31,656,48,No
CUST102272,51,43157.78,145388.08,734,48,Yes
CUST102273,36,72027.06,228808.39,650,12,Yes
CUST102274,62,57983.8,108212.33,843,36,No
CUST102275,50,133484.54,261851.97,697,72,No
CUST102276,36,69002.64,109721.54,651,84,No
CUST102277,32,34894.01,155351.89,631,48,Yes
CUST102278,37,66645.49,133127.78,596,60,Yes
CUST102279,36,82983.97,157405.15,623,60,No
CUST102280,32,111834.1,176675.52,648,84,No
CUST102281,28,55263.69,176030.11,636,48,Yes
CUST102282,40,30439.3,104812.96,620,72,No
CUST102283,23,90420.93,82625.12,850,72,No
CUST102284,36,35485.03,300190.31,587,72,Yes
CUST102285,50,59096.11,120960.94,693,36,No
CUST102286,65,63559.49,191952.75,733,60,No
CUST102287,43,68259.16,53541.52,736,36,No
CUST102288,48,87229.11,133223.24,674,12,No
CUST102289,60,52909.14,142368.04,658,24,No
CUST102290,25,63156.77,178368.9,720,72,No
CUST102291,40,69643.24,5000.0,703,12,No
CUST102292,60,73739.95,159968.44,656,24,No
CUST102293,64,72445.68,81015.51,539,84,Yes
CUST102294,21,80900.14,169460.74,637,60,Yes
CUST102295,50,91095.99,87820.25,576,24,No
CUST102296,41,79815.85,98671.04,619,24,No
CUST102297,40,81339.64,133582.34,682,48,No
CUST102298,26,30444.42,86860.23,712,24,Yes
CUST102299,42,71255.69,121467.93,840,48,No
CUST102300,38,81987.69,78397.45,631,24,No
CUST102301,28,88223.53,40009.77,749,48,No
CUST102302,59,52691.23,211077.42,707,60,No
CUST102303,52,53524.02,72237.08,796,60,No
CUST102304,53,55647.48,139279.15,731,24,No
CUST102305,36,83410.35,195173.46,589,84,Yes
CUST102306,32,95847.03,113103.35,524,84,No
CUST102307,58,59813.5,100490.05,708,36,No
CUST102308,54,92699.06,163574.29,632,84,No
CUST102309,34,73087.0,217076.03,591,60,Yes
CUST102310,56,66892.86,79841.08,565,12,No
CUST102311,53,64715.39,140991.13,694,84,No
CUST102312,43,88665.28,46050.32,815,12,No
CUST102313,65,78139.45,126407.94,643,48,No
CUST102314,22,126895.64,152052.28,733,36,No
CUST102315,61,48694.38,98722.52,670,72,No
CUST102316,41,82952.54,122580.49,563,48,No
CUST102317,22,56769.97,65506.39,746,24,No
CUST102318,47,48267.83,154624.72,581,84,Yes
CUST102319,29,69728.32,213341.65,681,60,No
CUST102320,21,73433.81,84171.37,649,36,No
CUST102321,31,142954.34,112639.69,760,48,No
CUST102322,23,65396.35,180152.77,584,48,Yes
CUST102323,43,41745.53,222725.44,715,12,Yes
CUST102324,46,76825.27,60408.61,604,24,No
CUST102325,24,20000.0,139872.92,634,48,Yes
CUST102326,38,67701.08,166987.85,352,12,Yes
CUST102327,26,70400.63,143876.62,850,36,No
CUST102328,55,89865.01,5000.0,729,48,No
CUST102329,42,94340.56,180065.4,610,72,No
CUST102330,63,57410.76,241160.18,578,72,Yes
CUST102331,35,66234.65,156999.71,635,12,Yes
CUST102332,42,50846.98,88133.64,744,72,No
CUST102333,57,41798.44,119212.37,509,24,Yes
CUST102334,62,77747.37,256194.78,667,60,No
CUST102335,32,38160.36,204597.75,839,72,No
CUST102336,62,59634.33,188401.6,577,36,Yes
CUST102337,58,45120.65,171384.76,687,48,Yes
CUST102338,38,83742.08,110331.77,850,12,No
CUST102339,65,115035.75,137965.73,736,48,No
CUST102340,55,37460.3,145324.64,691,60,Yes
CUST102341,50,23674.54,182974.46,725,48,Yes
CUST102342,44,66877.83,240535.13,643,48,Yes
CUST102343,62,70392.44,217100.29,796,12,Yes
CUST102344,50,75466.48,64836.94,644,60,No
CUST102345,34,58841.99,163439.7,503,36,No
CUST102346,26,64984.02,194205.8,644,12,Yes
CUST102347,23,79187.76,187131.62,592,84,No
CUST102348,36,96010.77,112245.97,654,60,Yes
CUST102349,27,21123.78,324846.55,656,60,Yes
CUST102350,34,60776.51,73374.93,787,48,No
CUST102351,29,75345.22,85008.69,742,24,No
CUST102352,35,47050.6,164015.7,703,24,No
CUST102353,41,113279.24,277008.18,679,36,Yes
CUST102354,55,54114.75,99828.31,584,48,Yes
CUST102355,22,68967.68,134050.3,483,24,No
CUST102356,47,83900.55,214637.62,690,12,Yes
CUST102357,22,55217.88,148928.27,751,36,No
CUST102358,55,23835.67,129923.77,670,48,No
CUST102359,38,59283.64,183937.97,631,72,Yes
CUST102360,34,95736.01,166351.08,721,12,No
CUST102361,40,61577.62,211826.33,672,24,No
CUST102362,38,48839.14,227488.13,831,24,No
CUST102363,30,93141.81,168420.18,790,24,No
CUST102364,45,61730.63,167503.96,766,24,No
CUST102365,22,57245.98,162846.66,748,60,Yes
CUST102366,45,73736.4,179347.83,563,72,Yes
CUST102367,53,89268.76,153310.24,739,36,No
CUST102368,56,129542.84,149963.49,713,36,No
CUST102369,51,90680.9,221797.63,734,24,No
CUST102370,34,98996.0,240966.97,724,36,Yes
CUST102371,21,57350.85,59546.82,720,72,No
CUST102372,36,44353.3,150601.27,850,12,Yes
CUST102373,23,71558.28,108678.33,673,12,No
CUST102374,55,72679.25,131341.71,764,84,No
CUST102375,61,43037.18,174150.97,637,36,Yes
CUST102376,26,65617.64,190166.3,751,24,No
CUST102377,45,79982.94,143272.41,764,48,No
CUST102378,33,79009.83,35199.58,712,72,No
CUST102379,54,82607.2,92097.27,830,24,No
CUST102380,28,77274.12,203789.98,600,60,No
CUST102381,41,57324.78,5000.0,636,48,No
CUST102382,54,57152.48,221245.63,699,72,No
CUST102383,24,40026.22,181273.8,759,60,No
CUST102384,45,114619.38,228970.56,696,36,Yes
CUST102385,35,70336.26,138085.85,795,60,No
CUST102386,24,64378.67,26315.67,620,36,No
CUST102387,65,46780.2,175821.76,577,60,Yes
CUST102388,32,143391.45,226479.19,707,48,No
CUST102389,52,43166.8,205483.31,673,60,Yes
CUST102390,52,59278.8,110238.51,728,24,No
CUST102391,48,80395.92,155205.66,677,36,No
CUST102392,33,85005.32,118029.82,649,12,No
CUST102393,51,93948.3,100844.01,673,60,No
CUST102394,34,115190.21,207323.31,682,36,No
CUST102395,40,82653.94,78148.06,652,12,No
CUST102396,38,43599.23,96371.01,661,36,No
CUST102397,49,63576.37,83758.46,643,84,No
CUST102398,26,77695.81,60585.15,757,36,No
CUST102399,52,121705.65,158784.86,697,12,No
CUST102400,49,35054.86,219690.18,850,12,No
CUST102401,63,100064.41,138907.39,694,48,No
CUST102402,22,74497.86,59655.13,630,72,No
CUST102403,43,90945.76,200396.67,850,84,No
CUST102404,39,67450.13,251142.11,717,60,Yes
CUST102405,51,48939.18,111225.46,769,60,Yes
CUST102406,25,88771.82,121286.74,733,84,No
CUST102407,39,86360.78,180939.64,736,36,No
CUST102408,54,94301.42,247312.42,728,84,Yes
CUST102409,30,69667.38,118809.95,580,24,No
CUST102410,45,55004.45,70053.01,713,24,No
CUST102411,22,31030.33,187885.12,560,72,Yes
CUST102412,31,90484.33,197944.08,664,36,Yes
CUST102413,51,80597.24,150367.89,614,48,No
CUST102414,35,45855.43,116512.0,712,12,Yes
CUST102415,29,56535.66,209662.72,710,36,No
CUST102416,43,58331.03,181682.16,723,60,No
CUST102417,39,32925.39,103893.87,705,24,No
CUST102418,29,49557.94,152945.68,625,24,No
CUST102419,55,41654.24,68897.55,656,24,No
CUST102420,41,59688.02,191153.43,762,48,No
CUST102421,29,51532.56,134265.99,776,60,Yes
CUST102422,48,29324.88,123857.35,576,48,Yes
CUST102423,27,120564.76,148027.53,542,12,Yes
CUST102424,36,101313.52,152418.46,614,36,Yes
CUST102425,36,50524.51,203695.8,774,36,No
CUST102426,53,76810.53,185465.43,789,84,Yes
CUST102427,24,80436.63,140615.44,596,24,Yes
CUST102428,24,99777.15,195820.09,707,84,No
CUST102429,59,49534.87,174044.24,845,24,No
CUST102430,60,97302.67,124404.02,717,12,No
CUST102431,37,56302.37,142516.91,807,48,No
CUST102432,57,36603.44,141106.63,769,72,No
CUST102433,59,88103.41,180315.68,598,72,Yes
CUST102434,49,102268.96,127978.64,662,72,No
CUST102435,56,134697.72,126575.45,683,60,No
CUST102436,58,40006.87,268125.44,689,12,Yes
CUST102437,59,87472.99,206384.13,762,36,Yes
CUST102438,57,59754.97,104363.96,716,36,No
CUST102439,55,89583.97,184256.46,415,48,Yes
CUST102440,27,33237.76,157101.0,561,84,Yes
CUST102441,47,38430.76,173493.07,483,12,Yes
CUST102442,48,50603.13,158240.48,695,60,Yes
CUST102443,42,71974.1,221378.56,701,12,No
CUST102444,34,53972.97,170737.22,705,12,No
CUST102445,27,86476.36,146274.68,593,48,No
CUST102446,57,95672.37,212531.43,740,60,No
CUST102447,42,84989.44,163997.1,744,72,No
CUST102448,25,110469.69,157288.71,567,36,Yes
CUST102449,22,80395.67,168841.36,548,24,Yes
CUST102450,47,39577.58,144383.46,679,84,No
CUST102451,41,104084.41,150553.62,841,72,No
CUST102452,58,54871.09,114798.32,832,60,No
CUST102453,35,92760.46,104929.97,730,36,No
CUST102454,41,109343.36,90085.78,614,72,No
CUST102455,30,81417.2,66481.0,759,48,No
CUST102456,43,32596.03,97216.96,639,84,No
CUST102457,59,47044.7,139543.98,610,60,Yes
CUST102458,25,103068.61,156187.05,487,60,No
CUST102459,21,65771.93,133722.21,689,36,No
CUST102460,33,71989.34,8657.79,623,36,No
CUST102461,41,88970.61,244475.18,688,12,No
CUST102462,46,87408.07,215188.81,473,12,Yes
CUST102463,65,76970.0,176745.59,695,60,Yes
CUST102464,41,64783.29,264449.44,461,24,No
CUST102465,38,62183.29,91358.15,777,48,No
CUST102466,57,91447.47,263257.51,726,36,No
CUST102467,65,83839.24,92087.16,654,12,No
CUST102468,52,63567.5,164324.28,730,48,Yes
CUST102469,56,97052.81,73569.76,591,84,No
CUST102470,37,66774.15,150881.65,686,72,No
CUST102471,55,48708.45,173169.99,751,72,No
CUST102472,31,51025.73,140718.58,401,60,Yes
CUST102473,41,45531.48,192832.65,639,36,No
CUST102474,46,63189.75,155940.87,677,72,Yes
CUST102475,24,100843.11,118655.12,662,84,Yes
CUST102476,54,49872.62,115991.2,811,36,Yes
CUST102477,38,74711.89,198654.83,578,12,Yes
CUST102478,60,53582.77,110775.48,624,72,Yes
CUST102479,55,63492.27,204924.18,507,24,Yes
CUST102480,61,32248.97,223362.71,815,72,Yes
CUST102481,49,64486.54,49877.17,657,36,No
CUST102482,49,65157.37,217975.58,640,24,Yes
CUST102483,58,83507.2,273625.36,675,48,No
CUST102484,62,75582.02,165120.23,737,72,Yes
CUST102485,41,40040.2,185945.05,711,36,Yes
CUST102486,62,97104.96,212220.32,850,72,No
CUST102487,33,75257.58,133471.06,720,72,No
CUST102488,61,74959.84,160936.81,638,36,No
CUST102489,37,69770.44,71148.03,629,24,Yes
CUST102490,29,57056.06,158318.1,644,12,No
CUST102491,61,75445.06,179886.72,544,84,Yes
CUST102492,21,81889.71,180969.78,683,72,No
CUST102493,22,26327.61,213925.48,750,60,No
CUST102494,49,56530.98,103511.87,624,48,No
CUST102495,53,63626.33,118043.59,607,36,Yes
CUST102496,30,76404.27,263730.44,816,72,No
CUST102497,60,99832.78,140980.3,551,84,Yes
CUST102498,41,50706.48,162002.03,493,12,Yes
CUST102499,48,57550.95,145979.4,576,36,No
CUST102500,31,57186.65,100699.15,541,72,No
CUST102501,54,49961.81,247411.75,714,48,No
CUST102502,28,61320.34,118337.92,647,60,No
CUST102503,42,89270.06,82362.87,660,36,No
CUST102504,28,43654.11,122955.58,783,72,Yes
CUST102505,35,80695.36,29897.64,617,24,No
CUST102506,37,27452.44,110922.75,749,12,Yes
CUST102507,43,55966.55,91912.28,816,60,No
CUST102508,44,61762.77,187045.72,638,36,No
CUST102509,65,111871.49,109595.15,746,72,No
CUST102510,39,63129.94,203268.24,658,60,No
CUST102511,25,20000.0,233909.04,763,24,Yes
CUST102512,52,20027.78,196870.52,538,36,No
CUST102513,64,70850.74,137076.7,531,60,Yes
CUST102514,21,85344.27,158466.87,644,36,No
CUST102515,43,79386.4,58500.9,599,36,Yes
CUST102516,57,74189.25,141973.24,633,60,Yes
CUST102517,28,99056.49,98373.69,660,36,No
CUST102518,33,56510.22,191659.58,744,24,No
CUST102519,28,92372.76,304365.14,643,60,No
CUST102520,43,29199.63,179989.3,605,72,Yes
CUST102521,63,47376.3,30531.59,648,84,No
CUST102522,21,24823.97,128326.19,610,60,Yes
CUST102523,65,63128.87,157349.46,595,24,Yes
CUST102524,44,68843.47,155241.45,534,24,Yes
CUST102525,55,72852.54,106151.21,686,24,No
CUST102526,44,71547.08,164717.5,628,72,Yes
CUST102527,37,46811.17,75449.95,766,72,No
CUST102528,25,65243.98,93305.48,549,84,Yes
CUST102529,40,32563.83,188747.86,631,84,No
CUST102530,41,104080.72,89060.21,843,36,No
CUST102531,60,62409.35,182292.7,595,36,Yes
CUST102532,51,57777.85,67832.17,658,48,No
CUST102533,56,109723.51,255889.55,570,84,Yes
CUST102534,31,38943.84,103543.8,558,84,Yes
CUST102535,35,41860.32,136580.01,819,36,No
CUST102536,39,42594.49,169836.8,695,24,Yes
CUST102537,27,68303.22,116079.0,692,48,Yes
CUST102538,48,80790.79,158604.36,527,84,No
CUST102539,63,88491.89,184521.4,712,24,No
CUST102540,25,134299.88,207636.79,784,12,No
CUST102541,25,20000.0,197489.85,783,84,No
CUST102542,50,85218.39,139691.37,740,72,No
CUST102543,52,56071.74,141202.09,578,60,Yes
CUST102544,28,55339.62,290946.51,708,12,No
CUST102545,30,54505.7,206993.34,740,72,Yes
CUST102546,58,47280.76,94690.58,518,72,Yes
CUST102547,52,112113.12,155999.29,579,24,Yes
CUST102548,48,91057.43,129891.41,759,36,No
CUST102549,37,70579.9,141879.95,758,60,Yes
CUST102550,51,103775.39,76230.29,540,36,No
CUST102551,28,32186.78,125284.61,751,36,Yes
CUST102552,60,36732.37,258693.35,688,84,Yes
CUST102553,45,20000.0,184744.58,750,60,Yes
CUST102554,29,52514.64,5000.0,622,60,No
CUST102555,22,74042.46,223003.41,738,12,No
CUST102556,35,72571.46,215377.77,755,24,Yes
CUST102557,23,73733.55,128442.88,648,36,No
CUST102558,56,34723.58,193035.81,681,24,Yes
CUST102559,24,90078.87,98436.05,621,24,No
CUST102560,34,75990.69,121784.66,828,84,No
CUST102561,61,88326.36,239912.78,669,48,No
CUST102562,61,22680.95,133696.2,597,12,Yes
CUST102563,45,77787.27,37816.1,615,36,Yes
CUST102564,30,40305.87,146201.81,691,72,Yes
CUST102565,41,60066.92,145284.7,747,60,Yes
CUST102566,56,83359.12,221902.11,559,60,Yes
CUST102567,32,72277.34,150860.19,846,24,No
CUST102568,47,48711.5,124705.06,707,12,Yes
CUST102569,60,70156.83,212703.37,721,12,No
CUST102570,22,31711.62,157247.41,671,36,No
CUST102571,33,98756.68,104998.64,681,36,No
CUST102572,52,64867.9,219299.85,666,24,Yes
CUST102573,51,97963.75,161619.71,771,24,No
CUST102574,36,56836.71,150175.56,679,24,Yes
CUST102575,52,56910.6,160674.5,749,48,No
CUST102576,52,50895.33,85759.9,640,12,No
CUST102577,54,91904.35,118340.77,697,24,Yes
CUST102578,31,52264.22,150214.96,607,84,Yes
CUST102579,30,86114.89,138320.18,789,12,No
CUST102580,35,60438.69,226345.7,604,72,Yes
CUST102581,37,20600.92,163044.35,650,60,No
CUST102582,60,55742.15,201294.24,651,60,No
CUST102583,38,40522.29,150563.72,648,12,Yes
CUST102584,29,70847.57,213377.31,745,72,No
CUST102585,45,40239.81,173851.67,651,60,Yes
CUST102586,60,93149.38,150805.23,805,60,No
CUST102587,34,67723.1,149203.01,606,60,Yes
CUST102588,45,65560.1,92733.68,695,36,No
CUST102589,42,86397.3,180414.94,610,72,Yes
CUST102590,50,94097.67,147587.72,717,36,No
CUST102591,40,69497.53,119880.48,678,12,No
CUST102592,41,50719.99,216387.71,666,12,Yes
CUST102593,64,25650.76,74987.04,786,48,Yes
CUST102594,52,52848.76,124650.25,621,36,No
CUST102595,41,54569.69,211663.12,732,12,No
CUST102596,55,72676.44,168931.38,610,36,Yes
CUST102597,52,61371.33,147128.46,690,48,Yes
CUST102598,50,87198.32,165060.21,572,12,No
CUST102599,59,54675.42,160764.85,620,12,No
CUST102600,32,68573.97,59000.25,672,12,No
CUST102601,61,99599.69,129044.29,843,12,No
CUST102602,38,78545.63,246991.3,689,24,Yes
CUST102603,41,68499.06,110440.55,828,72,No
CUST102604,33,54951.39,130901.94,699,72,Yes
CUST102605,41,54169.22,117502.75,645,36,Yes
CUST102606,28,48734.67,144779.09,818,36,No
CUST102607,60,56474.83,115012.63,719,36,No
CUST102608,27,88891.65,179204.49,622,48,No
CUST102609,43,64452.79,161838.8,722,84,No
CUST102610,64,36255.67,196412.86,653,24,Yes
CUST102611,52,114204.23,86943.53,500,84,No
CUST102612,31,77999.13,129579.57,764,36,No
CUST102613,42,34826.41,136456.64,778,36,Yes
CUST102614,42,58953.78,177338.81,845,12,No
CUST102615,63,72772.16,102406.73,717,84,No
CUST102616,45,112614.8,204939.23,657,12,No
CUST102617,42,42297.19,221184.94,755,84,Yes
CUST102618,48,94401.02,90667.66,756,84,No
CUST102619,49,104987.16,120547.63,827,12,No
CUST102620,33,54283.64,118084.11,675,36,No
CUST102621,38,63062.16,307943.17,665,12,Yes
CUST102622,22,44092.27,124205.99,615,36,Yes
CUST102623,49,64913.47,250657.53,728,84,No
CUST102624,41,69085.25,74002.08,540,48,No
CUST102625,35,86491.25,90620.94,749,48,No
CUST102626,47,97254.59,108803.73,732,60,No
CUST102627,51,51297.6,99258.64,732,24,No
CUST102628,35,20816.87,133926.08,692,12,No
CUST102629,43,69468.88,107473.31,817,72,No
CUST102630,44,77338.44,100839.5,758,12,No
CUST102631,64,76235.44,219508.32,625,24,No
CUST102632,33,61833.17,223427.62,626,84,Yes
CUST102633,42,73118.8,206957.79,600,24,No
CUST102634,63,107886.12,181439.94,729,84,No
CUST102635,57,79543.35,155564.58,589,60,No
CUST102636,53,60665.79,120178.16,777,24,No
CUST102637,23,57495.05,92810.55,799,36,No
CUST102638,39,65753.69,171779.74,600,12,Yes
CUST102639,43,110918.5,79582.18,663,24,No
CUST102640,49,65417.48,90364.74,681,36,Yes
CUST102641,50,69505.14,219174.8,759,24,Yes
CUST102642,59,57942.16,264038.94,824,72,No
CUST102643,64,97474.58,173597.71,528,36,No
CUST102644,45,118995.93,216387.43,651,48,No
CUST102645,57,81265.33,135249.1,656,36,No
CUST102646,28,72069.32,69739.55,553,60,Yes
CUST102647,62,70919.57,186730.3,636,84,No
CUST102648,36,20000.0,184157.36,718,36,Yes
CUST102649,28,88628.77,154300.11,654,24,No
CUST102650,21,73354.16,135457.47,540,48,No
CUST102651,64,80708.55,207732.63,850,48,Yes
CUST102652,25,52213.45,90856.02,703,36,No
CUST102653,23,60388.58,103573.17,690,24,No
CUST102654,21,59724.38,89513.61,581,48,Yes
CUST102655,24,95540.57,155098.38,703,72,No
CUST102656,60,60531.0,84726.42,665,36,No
CUST102657,55,122066.51,108945.47,510,36,Yes
CUST102658,52,80771.56,107654.67,583,84,No
CUST102659,62,38107.93,134363.5,751,36,No
CUST102660,54,66786.34,60757.53,850,48,No
CUST102661,63,53708.12,155232.3,713,12,Yes
CUST102662,45,20000.0,224838.22,779,24,No
CUST102663,30,109986.77,158129.48,665,60,No
CUST102664,41,87578.56,242479.27,672,60,No
CUST102665,59,83330.18,230039.89,778,24,Yes
CUST102666,47,74135.09,196664.1,829,12,Yes
CUST102667,47,35449.56,154481.15,797,84,Yes
CUST102668,22,57909.57,151350.02,584,84,Yes
CUST102669,61,91044.52,195827.99,673,84,No
CUST102670,33,43719.5,126499.76,704,84,No
CUST102671,29,20000.0,37048.75,656,24,No
CUST102672,56,64322.35,179520.24,714,36,No
CUST102673,42,66456.06,82135.88,753,72,No
CUST102674,62,73389.09,92271.53,770,24,No
CUST102675,46,88212.97,150013.44,831,24,No
CUST102676,32,85940.15,144292.51,650,72,Yes
CUST102677,37,76469.25,65275.46,557,48,No
CUST102678,34,99888.28,159929.49,712,60,No
CUST102679,34,32025.76,207968.38,849,60,No
CUST102680,54,82614.55,82299.51,637,36,No
CUST102681,40,85663.46,226349.0,741,72,Yes
CUST102682,31,39010.94,56389.75,742,84,Yes
CUST102683,36,32428.23,277039.45,697,84,No
CUST102684,51,51351.45,125324.37,680,36,Yes
CUST102685,26,53461.46,158737.02,596,48,No
CUST102686,39,88835.49,36477.99,474,36,No
CUST102687,57,54636.53,146271.84,579,72,Yes
CUST102688,24,48591.29,163708.93,644,72,No
CUST102689,24,54709.16,144830.27,778,12,Yes
CUST102690,40,97965.81,116215.14,670,48,Yes
CUST102691,30,70326.08,93206.13,633,72,No
CUST102692,44,65518.72,217831.6,599,72,Yes
CUST102693,55,67249.86,151848.43,739,48,Yes
CUST102694,46,102301.51,242445.14,802,84,No
CUST102695,57,51270.71,118411.06,775,24,No
CUST102696,58,102887.71,123912.32,734,84,No
CUST102697,41,75262.41,198935.65,547,24,Yes
CUST102698,60,65989.52,52621.5,648,12,No
CUST102699,59,132522.51,77192.2,850,84,No
CUST102700,41,43609.01,215849.1,780,72,Yes
CUST102701,30,61157.86,79683.96,541,48,No
CUST102702,58,39189.22,40856.94,674,48,No
CUST102703,24,93811.55,262111.63,712,24,Yes
CUST102704,65,112229.72,66370.94,611,84,No
CUST102705,40,111748.07,161047.16,472,60,Yes
CUST102706,37,100598.72,154145.11,688,60,No
CUST102707,27,65059.49,5000.0,609,72,No
CUST102708,24,60868.98,133960.98,609,24,Yes
CUST102709,49,28220.76,176904.79,648,72,Yes
CUST102710,34,120896.84,171258.56,667,36,Yes
CUST102711,23,81724.45,204211.24,679,48,No
CUST102712,44,57701.08,126750.52,600,84,No
CUST102713,57,103201.42,192750.27,660,84,No
CUST102714,36,45680.89,108640.26,521,72,No
CUST102715,24,80165.55,65371.96,707,12,No
CUST102716,44,65684.27,72136.3,422,84,Yes
CUST102717,54,85966.93,62273.37,653,60,No
CUST102718,50,68410.66,210575.16,762,72,No
CUST102719,38,33726.8,59125.59,584,36,No
CUST102720,39,71889.41,166442.33,744,48,Yes
CUST102721,51,96221.6,134044.55,784,84,No
CUST102722,39,69269.59,143841.09,382,36,Yes
CUST102723,39,89377.88,231816.44,666,72,No
CUST102724,42,43861.76,123694.36,421,48,No
CUST102725,44,69343.48,186696.09,669,48,Yes
CUST102726,65,54387.24,152253.8,679,24,No
CUST102727,32,88674.52,140878.87,456,24,No
CUST102728,50,70787.29,287998.15,850,12,No
CUST102729,58,87251.84,63519.5,705,12,No
CUST102730,51,97192.76,227347.91,603,84,Yes
CUST102731,56,87290.46,189384.39,811,36,Yes
CUST102732,39,76827.96,121228.5,518,24,No
CUST102733,65,45044.69,247759.11,569,48,Yes
CUST102734,56,69930.35,39113.39,473,24,No
CUST102735,50,56672.74,118694.0,842,48,Yes
CUST102736,53,61398.4,77491.07,709,24,No
CUST102737,38,60636.65,174725.01,739,48,No
CUST102738,48,45501.86,83216.15,707,36,No
CUST102739,31,21066.54,175983.84,731,24,No
CUST102740,65,53296.42,138813.82,687,60,Yes
CUST102741,53,74834.49,121238.76,704,60,No
CUST102742,37,36295.57,173318.83,689,48,Yes
CUST102743,26,70392.06,133882.7,625,36,No
CUST102744,24,117506.71,84681.91,675,48,Yes
CUST102745,40,95576.41,318082.38,704,36,No
CUST102746,47,111088.54,120769.97,689,12,No
CUST102747,35,79778.2,16943.46,547,24,Yes
CUST102748,26,99187.75,99474.08,558,36,Yes
CUST102749,34,51900.88,73963.4,777,48,No
CUST102750,31,53891.49,199568.74,652,84,Yes
CUST102751,59,20000.0,169299.16,732,84,Yes
CUST102752,29,99653.64,173922.77,581,12,No
CUST102753,46,108508.1,127798.65,547,84,No
CUST102754,36,56170.57,133238.99,604,48,No
CUST102755,25,63651.21,127744.13,659,60,Yes
CUST102756,30,51153.45,145128.41,620,60,No
CUST102757,23,79566.34,200120.01,796,24,No
CUST102758,33,98123.31,170164.52,696,72,No
CUST102759,63,26430.7,180006.77,846,24,Yes
CUST102760,50,80235.96,179973.53,716,84,No
CUST102761,65,63083.21,203066.55,462,12,Yes
CUST102762,26,72834.86,167289.0,775,84,No
CUST102763,37,81474.85,171530.88,544,60,Yes
CUST102764,65,65294.94,221328.37,700,36,No
CUST102765,39,67410.33,110097.24,610,60,No
CUST102766,62,64653.12,98655.45,850,72,No
CUST102767,55,94257.91,78844.7,809,24,No
CUST102768,46,80469.0,160974.87,613,48,No
CUST102769,25,75514.59,38776.07,668,84,No
CUST102770,49,38226.21,177729.25,702,12,No
CUST102771,57,60535.51,143448.41,757,72,No
CUST102772,40,92466.73,218078.38,682,60,No
CUST102773,41,70942.41,109684.96,587,36,Yes
CUST102774,30,86488.29,137800.9,615,72,Yes
CUST102775,25,114162.8,217332.2,679,36,Yes
CUST102776,56,95965.15,232988.14,791,36,No
CUST102777,26,72328.96,109190.86,718,12,No
CUST102778,46,57225.27,160906.87,610,36,No
CUST102779,24,20000.0,167665.14,738,36,Yes
CUST102780,59,65790.38,172419.2,645,60,No
CUST102781,59,61849.69,134245.46,760,12,Yes
CUST102782,55,79759.15,226883.0,850,48,Yes
CUST102783,21,66152.37,36617.79,647,48,No
CUST102784,44,61990.37,124732.19,752,36,No
CUST102785,56,25515.03,176875.84,612,72,No
CUST102786,26,46500.8,177433.49,669,24,No
CUST102787,61,81916.28,231165.54,682,12,Yes
CUST102788,64,112897.69,221893.52,662,84,No
CUST102789,51,67561.87,132867.5,850,24,No
CUST102790,40,78195.28,227992.27,652,12,Yes
CUST102791,44,93811.95,107157.5,732,12,No
CUST102792,45,49727.65,205853.24,506,60,Yes
CUST102793,56,79170.35,258631.35,718,36,Yes
CUST102794,41,51487.75,222896.65,782,60,Yes
CUST102795,50,91620.61,156346.22,632,72,No
CUST102796,44,73785.08,130093.27,454,84,Yes
CUST102797,64,77461.3,58284.52,676,24,No
CUST102798,62,50435.04,168632.38,681,24,No
CUST102799,50,87675.81,83086.97,745,48,No
CUST102800,42,122117.82,102411.92,850,72,No
CUST102801,48,44802.21,78555.25,645,84,No
CUST102802,27,61506.02,122376.46,602,72,Yes
CUST102803,55,75790.19,148321.84,574,60,Yes
CUST102804,48,89660.16,166416.87,697,60,No
CUST102805,34,56011.34,113969.6,723,72,No
CUST102806,30,20000.0,214157.02,630,60,Yes
CUST102807,36,103979.74,137507.68,750,48,No
CUST102808,36,89012.65,102736.65,721,84,No
CUST102809,51,26426.31,163577.54,683,84,Yes
CUST102810,62,54810.78,267813.17,598,60,Yes
CUST102811,45,109204.56,170109.63,636,60,No
CUST102812,33,106194.91,128228.66,461,84,Yes
CUST102813,26,93466.0,58352.32,701,72,No
CUST102814,64,65597.19,136835.26,682,84,No
CUST102815,29,72074.69,164095.69,696,72,Yes
CUST102816,65,66726.85,126745.15,725,60,No
CUST102817,56,98205.99,50076.92,714,60,No
CUST102818,63,48103.94,98966.08,670,72,Yes
CUST102819,40,49855.01,237272.31,684,24,Yes
CUST102820,38,95256.86,236040.06,553,36,Yes
CUST102821,63,68890.96,96801.65,627,24,No
CUST102822,41,104461.68,190365.41,684,60,No
CUST102823,24,53212.19,79285.63,613,12,No
CUST102824,53,68630.54,234258.98,757,12,Yes
CUST102825,47,46939.68,164714.15,620,48,Yes
CUST102826,27,70184.07,206978.49,699,24,No
CUST102827,26,33036.33,47094.4,690,72,No
CUST102828,35,57809.16,190658.23,747,48,Yes
CUST102829,38,34093.65,149539.56,761,48,No
CUST102830,52,87348.08,201115.74,742,12,No
CUST102831,31,87914.73,204892.07,490,24,Yes
CUST102832,40,26743.43,153947.08,787,36,No
CUST102833,44,103347.14,113950.22,817,84,No
CUST102834,35,132435.38,196781.77,636,72,No
CUST102835,27,71150.16,146390.73,701,24,No
CUST102836,41,53972.14,97632.9,599,48,Yes
CUST102837,62,140608.26,94790.87,504,60,Yes
CUST102838,46,37025.79,61370.14,613,48,No
CUST102839,64,70502.66,119382.53,631,24,No
CUST102840,34,74490.56,216161.52,648,12,Yes
CUST102841,57,103628.69,160669.79,593,84,No
CUST102842,41,78993.47,118213.94,613,24,No
CUST102843,38,57534.15,198291.36,679,36,Yes
CUST102844,25,46220.39,100051.4,610,72,Yes
CUST102845,23,61454.45,155721.02,728,72,No
CUST102846,43,44826.82,139222.18,741,60,Yes
CUST102847,46,71195.63,196747.84,850,60,No
CUST102848,57,55895.1,55366.3,781,48,No
CUST102849,44,32649.06,98988.14,701,24,Yes
CUST102850,39,101378.64,51705.26,624,72,Yes
CUST102851,45,57558.19,134424.2,706,12,No
CUST102852,41,38296.58,222685.65,709,36,Yes
CUST102853,32,65793.52,119673.17,633,48,No
CUST102854,61,71709.29,119358.96,750,24,No
CUST102855,53,26338.33,202303.47,554,12,Yes
CUST102856,24,78291.19,214112.97,658,24,No
CUST102857,62,43821.06,144685.74,730,12,Yes
CUST102858,27,112775.72,191082.89,654,84,No
CUST102859,42,83099.01,85382.73,661,24,No
CUST102860,53,60002.5,232678.46,667,24,Yes
CUST102861,37,51370.81,278922.38,604,84,Yes
CUST102862,44,67375.81,181272.95,785,72,No
CUST102863,54,85319.77,24940.1,588,48,Yes
CUST102864,48,69362.65,116506.18,708,24,No
CUST102865,63,64571.03,186769.52,717,24,Yes
CUST102866,61,71459.26,124711.02,594,48,Yes
CUST102867,59,54903.53,226331.91,686,48,No
CUST102868,42,61419.85,185289.44,598,60,Yes
CUST102869,37,20000.0,107611.47,805,60,No
CUST102870,54,94343.16,151935.89,577,72,No
CUST102871,26,77469.94,96370.01,621,48,No
CUST102872,26,50663.6,139044.91,569,84,No
CUST102873,54,117468.37,116724.41,557,36,No
CUST102874,21,72175.41,220485.71,823,72,No
CUST102875,30,44096.41,276960.72,728,12,No
CUST102876,41,91418.44,64128.7,692,48,No
CUST102877,25,79951.21,34607.02,620,60,No
CUST102878,22,79864.5,135289.65,761,24,No
CUST102879,42,59356.11,58895.06,605,48,No
CUST102880,22,81262.39,152772.7,751,48,No
CUST102881,30,63456.04,194936.17,601,60,Yes
CUST102882,54,83898.54,239648.51,621,60,Yes
CUST102883,36,22376.39,162083.67,748,36,No
CUST102884,59,59153.16,138410.69,757,72,No
CUST102885,42,113053.88,31296.91,733,60,No
CUST102886,32,50823.31,151571.11,585,60,No
CUST102887,44,54904.04,154277.24,639,60,No
CUST102888,60,58800.97,188337.41,694,72,No
CUST102889,58,39629.85,107490.71,603,24,No
CUST102890,30,20000.0,123896.84,803,48,No
CUST102891,55,64235.34,61319.86,463,48,Yes
CUST102892,52,73396.49,12522.43,609,60,No
CUST102893,27,68687.37,83490.17,634,84,No
CUST102894,41,66378.04,55780.45,424,84,No
CUST102895,40,71076.02,170202.74,554,72,No
CUST102896,46,95571.04,118911.96,736,36,No
CUST102897,24,65238.85,117705.77,682,60,No
CUST102898,42,55647.94,90935.22,821,72,No
CUST102899,35,62971.86,5000.0,819,72,No
CUST102900,60,84483.67,240498.64,718,36,No
CUST102901,41,105300.67,89983.77,708,72,No
CUST102902,35,54296.41,125254.8,685,48,No
CUST102903,42,72473.34,62706.47,441,36,No
CUST102904,48,78458.94,208315.82,554,36,Yes
CUST102905,34,45185.55,158605.74,689,12,No
CUST102906,47,70510.43,100418.08,735,36,No
CUST102907,61,33358.15,126466.22,706,36,No
CUST102908,60,25773.74,250690.8,599,24,No
CUST102909,48,79168.66,145621.83,764,48,No
CUST102910,46,60403.13,139095.99,813,60,No
CUST102911,22,75057.01,93517.11,764,12,No
CUST102912,45,69552.63,36325.13,769,36,No
CUST102913,23,45590.0,140397.68,629,24,No
CUST102914,28,68868.64,169529.11,776,24,Yes
CUST102915,64,39172.47,215975.07,693,72,No
CUST102916,53,104774.31,15090.21,726,60,No
CUST102917,62,36100.74,82494.22,712,60,Yes
CUST102918,55,65105.37,115155.53,669,84,No
CUST102919,26,43943.21,149791.15,602,48,Yes
CUST102920,59,84260.53,141297.98,672,84,Yes
CUST102921,43,61714.22,142698.68,768,72,Yes
CUST102922,45,57033.33,174485.76,640,36,Yes
CUST102923,63,91330.04,95802.41,760,24,No
CUST102924,39,70735.76,206048.49,746,12,Yes
CUST102925,25,82916.11,176007.15,653,48,No
CUST102926,31,45466.85,130810.06,804,36,Yes
CUST102927,32,34879.58,246054.48,648,72,Yes
CUST102928,30,72680.2,243384.96,815,60,No
CUST102929,28,62028.84,205973.72,719,72,No
CUST102930,44,85660.87,5000.0,678,36,No
CUST102931,48,68002.29,244736.71,600,72,Yes
CUST102932,61,75126.88,197685.51,672,60,Yes
CUST102933,56,29415.44,270384.52,661,36,Yes
CUST102934,57,117210.92,224247.88,566,12,No
CUST102935,41,65893.95,244700.56,660,84,No
CUST102936,28,87439.67,202719.29,607,48,No
CUST102937,29,49097.71,230921.59,732,72,No
CUST102938,35,77700.25,269647.42,797,60,No
CUST102939,60,37428.88,162993.28,569,12,Yes
CUST102940,38,81301.7,55666.17,834,24,No
CUST102941,62,61100.65,131552.35,668,12,Yes
CUST102942,40,70729.76,173396.74,592,12,Yes
CUST102943,26,87449.35,154493.26,748,12,No
CUST102944,32,39186.49,75206.28,639,60,Yes
CUST102945,22,52887.71,52135.94,672,24,Yes
CUST102946,27,81433.11,105530.24,643,48,No
CUST102947,36,122455.54,198464.37,606,12,No
CUST102948,23,66547.94,244820.39,745,60,No
CUST102949,65,84778.4,204994.06,654,60,No
CUST102950,23,67325.71,213445.64,550,48,Yes
CUST102951,47,118556.14,145151.07,729,84,No
CUST102952,63,26319.46,45475.05,571,36,Yes
CUST102953,60,72365.53,122686.77,576,24,No
CUST102954,58,29361.4,134474.14,787,24,No
CUST102955,53,20000.0,120176.85,572,72,Yes
CUST102956,48,77436.55,153281.69,471,12,No
CUST102957,21,73487.44,176485.19,736,36,Yes
CUST102958,28,62879.08,201180.91,652,84,Yes
CUST102959,57,67345.15,133312.81,660,24,No
CUST102960,52,147457.49,35774.44,651,84,Yes
CUST102961,63,63545.62,121027.34,700,72,No
CUST102962,57,82753.11,152622.62,612,12,No
CUST102963,24,53765.88,223368.48,812,36,No
CUST102964,50,77380.81,115931.53,547,60,Yes
CUST102965,26,64044.16,180752.62,720,12,No
CUST102966,39,59737.04,167405.27,737,36,No
CUST102967,52,115472.46,152634.03,611,48,Yes
CUST102968,29,99429.62,205832.0,587,24,Yes
CUST102969,32,73418.67,110349.53,771,84,No
CUST102970,31,20000.0,115488.81,590,12,No
CUST102971,36,60974.77,149285.95,625,72,Yes
CUST102972,21,137575.69,111591.21,759,60,No
CUST102973,65,64233.46,180480.74,683,72,No
CUST102974,41,97580.44,107208.46,518,84,Yes
CUST102975,50,106048.56,163578.25,837,12,No
CUST102976,33,75474.1,143989.63,632,24,No
CUST102977,54,48954.46,162895.56,643,24,No
CUST102978,24,20000.0,122415.52,703,36,Yes
CUST102979,48,87104.08,129654.7,736,72,No
CUST102980,58,49631.1,155760.56,850,72,Yes
CUST102981,51,74403.76,162124.47,530,60,Yes
CUST102982,47,38754.49,149747.89,754,84,No
CUST102983,25,63369.06,252321.74,746,36,No
CUST102984,45,70842.98,90555.78,667,60,No
CUST102985,23,76714.84,146147.77,750,12,No
CUST102986,53,42129.45,55582.26,764,12,No
CUST102987,24,99922.77,172324.89,555,72,Yes
CUST102988,45,55077.63,83085.21,837,84,No
CUST102989,40,28138.26,133301.38,539,36,Yes
CUST102990,54,67274.41,127676.14,577,84,Yes
CUST102991,46,70859.38,166853.47,656,48,Yes
CUST102992,25,74014.74,116832.54,850,24,No
CUST102993,55,104053.31,114281.66,652,84,No
CUST102994,48,64088.78,236151.39,677,36,No
CUST102995,49,67009.51,167074.01,808,84,No
CUST102996,29,42420.39,116336.95,652,36,Yes
CUST102997,58,90513.84,134949.98,573,12,No
CUST102998,26,74607.73,248721.3,642,24,Yes
CUST102999,39,59499.31,135890.11,803,84,No
CUST103000,64,22383.13,108643.4,686,84,No
CUST103001,31,106110.3,108900.23,850,84,No
CUST103002,22,39308.0,117052.41,746,36,No
CUST103003,64,55218.05,114330.14,621,84,Yes
CUST103004,64,78958.61,73221.13,684,12,Yes
CUST103005,29,40086.05,82547.99,603,12,No
CUST103006,41,32662.26,100240.78,619,72,Yes
CUST103007,44,20000.0,185494.26,850,72,Yes
CUST103008,54,88024.92,127125.76,771,36,No
CUST103009,42,56370.34,137570.3,757,36,Yes
CUST103010,23,143181.75,226205.28,623,12,Yes
CUST103011,32,45141.12,227700.43,821,72,No
CUST103012,48,46963.72,133072.5,778,84,No
CUST103013,50,55865.18,112148.19,849,84,No
CUST103014,46,76078.37,98134.18,844,36,No
CUST103015,41,58244.92,191566.55,546,24,Yes
CUST103016,48,85308.31,137717.57,580,12,No
CUST103017,46,45535.29,126810.31,589,12,Yes
CUST103018,53,35460.21,101180.13,595,36,Yes
CUST103019,41,25044.63,103820.02,709,36,Yes
CUST103020,55,20000.0,169203.49,628,36,No
CUST103021,54,57048.27,71073.7,850,84,No
CUST103022,61,62475.49,209692.12,850,84,No
CUST103023,38,54214.07,117969.32,679,24,Yes
CUST103024,31,101085.14,141021.84,850,12,No
CUST103025,43,100700.76,69781.32,813,48,No
CUST103026,42,61629.93,149258.04,639,24,Yes
CUST103027,37,25151.97,130300.74,499,24,Yes
CUST103028,25,55832.37,146995.16,660,84,No
CUST103029,64,55004.47,238302.53,621,72,No
CUST103030,31,53571.63,160661.88,698,12,Yes
CUST103031,50,52557.03,102320.45,688,84,No
CUST103032,35,53663.43,107320.81,685,48,No
CUST103033,47,60336.46,185707.87,727,12,Yes
CUST103034,55,54111.47,227921.6,570,24,Yes
CUST103035,53,75208.06,166915.08,717,36,No
CUST103036,40,79009.22,191322.76,640,12,Yes
CUST103037,36,47233.87,186584.26,697,12,Yes
CUST103038,54,101776.63,235143.86,766,36,No
CUST103039,22,45498.44,33024.59,569,48,Yes
CUST103040,55,29554.98,190033.14,654,48,Yes
CUST103041,60,79519.45,209024.16,669,12,No
CUST103042,48,49564.8,69676.58,633,84,Yes
CUST103043,59,78032.29,96859.91,760,36,No
CUST103044,26,20000.0,98953.04,615,72,Yes
CUST103045,29,104811.4,106272.59,630,12,No
CUST103046,40,86807.34,121096.98,616,36,Yes
CUST103047,21,32488.09,164556.17,778,24,No
CUST103048,28,33030.57,201940.48,635,72,Yes
CUST103049,43,111806.65,214879.02,721,36,No
CUST103050,23,51565.5,99730.62,850,84,No
CUST103051,24,49145.38,99317.82,673,12,No
CUST103052,45,20000.0,228949.31,780,60,Yes
CUST103053,58,61230.54,188804.64,830,48,No
CUST103054,35,64307.01,154971.89,772,12,Yes
CUST103055,41,87887.33,178400.2,678,36,No
CUST103056,55,35023.04,148211.77,737,72,Yes
CUST103057,34,31992.83,181475.08,564,72,Yes
CUST103058,56,81274.07,129836.0,609,36,No
CUST103059,32,95168.25,166128.3,625,48,No
CUST103060,37,30721.19,59367.24,850,12,No
CUST103061,59,97037.85,108732.94,606,72,No
CUST103062,29,70938.55,109379.33,605,72,Yes
CUST103063,55,97295.13,127536.6,586,60,No
CUST103064,33,68244.49,94409.2,730,24,No
CUST103065,35,20000.0,117987.38,692,60,Yes
CUST103066,38,66200.82,59135.16,777,24,No
CUST103067,53,96503.6,182922.03,740,72,No
CUST103068,26,47656.35,145049.19,555,24,No
CUST103069,47,60300.88,47687.54,607,12,No
CUST103070,43,65596.66,99910.21,802,72,No
CUST103071,47,20000.0,170196.09,661,72,No
CUST103072,54,111783.69,117418.68,786,24,No
CUST103073,58,47465.61,108183.51,666,36,Yes
CUST103074,34,82643.39,145524.44,592,24,No
CUST103075,56,67832.47,170615.85,652,24,No
CUST103076,28,101440.48,63818.85,592,48,Yes
CUST103077,55,80151.4,183007.71,629,48,No
CUST103078,39,64126.89,101982.4,698,12,No
CUST103079,50,47662.12,148924.32,726,12,Yes
CUST103080,34,89946.27,147874.79,536,36,No
CUST103081,40,23163.97,118376.03,678,48,No
CUST103082,45,86147.26,88580.42,627,60,No
CUST103083,60,42523.88,132858.81,621,12,No
CUST103084,44,101307.09,247519.82,691,12,No
CUST103085,34,74032.49,68299.5,630,48,No
CUST103086,46,86103.09,251538.78,804,48,No
CUST103087,58,72049.72,134416.73,786,36,No
CUST103088,43,26190.57,152122.29,786,48,No
CUST103089,42,48481.77,84797.35,635,84,Yes
CUST103090,39,86809.73,103723.83,593,24,No
CUST103091,23,74166.4,119825.42,687,72,No
CUST103092,62,99524.75,87258.3,666,60,No
CUST103093,39,80081.86,137464.92,625,72,Yes
CUST103094,29,45832.45,125579.05,574,24,Yes
CUST103095,48,50098.4,261046.87,676,84,No
CUST103096,40,72572.93,80041.55,643,84,No
CUST103097,65,20000.0,156161.43,741,24,No
CUST103098,27,111836.05,164870.78,739,72,No
CUST103099,34,81043.67,85780.77,779,24,No
CUST103100,29,100675.86,191209.65,566,12,Yes
CUST103101,39,30484.9,126100.38,716,84,No
CUST103102,34,101114.13,5000.0,614,72,No
CUST103103,58,125787.47,189590.98,570,24,Yes
CUST103104,56,36978.04,82983.55,641,12,Yes
CUST103105,60,89285.04,87133.5,776,48,No
CUST103106,37,70027.75,191274.12,646,84,Yes
CUST103107,50,31389.15,129170.31,820,60,Yes
CUST103108,29,82322.1,205066.33,729,60,No
CUST103109,53,90840.08,222609.97,644,24,No
CUST103110,45,54971.84,111304.29,784,60,No
CUST103111,34,99147.91,197595.75,720,12,No
CUST103112,31,28330.91,104672.35,596,48,Yes
CUST103113,55,32631.1,283986.96,847,24,Yes
CUST103114,61,73414.93,108422.58,703,36,No
CUST103115,34,70634.63,211565.25,681,72,Yes
CUST103116,50,52085.66,200627.4,603,84,No
CUST103117,61,90239.86,168965.27,786,60,No
CUST103118,24,83272.36,109767.41,726,60,No
CUST103119,24,91453.48,140916.15,736,24,No
CUST103120,48,66921.59,20784.71,634,72,No
CUST103121,28,85064.51,163465.2,755,72,No
CUST103122,22,58858.74,170976.92,762,60,Yes
CUST103123,61,121345.47,158009.97,619,60,No
CUST103124,42,49686.36,5000.0,552,36,Yes
CUST103125,61,122632.44,74061.81,732,72,No
CUST103126,36,70872.2,105114.54,538,12,Yes
CUST103127,49,35612.23,167499.54,693,84,Yes
CUST103128,50,104201.98,167360.33,639,24,No
CUST103129,32,73147.53,139786.57,789,24,No
CUST103130,55,91278.1,188114.73,644,36,Yes
CUST103131,31,100596.4,88425.46,779,84,No
CUST103132,41,78448.89,186614.1,633,36,No
CUST103133,41,55193.98,178484.53,769,12,No
CUST103134,25,94392.83,172653.28,850,48,No
CUST103135,40,70018.89,139077.57,583,24,No
CUST103136,57,87146.45,259844.63,706,72,No
CUST103137,23,20000.0,179591.74,850,84,Yes
CUST103138,64,81174.54,91899.85,685,60,No
CUST103139,53,54035.35,164898.33,685,84,No
CUST103140,29,111332.74,195149.0,750,12,No
CUST103141,29,85577.18,114713.48,683,24,Yes
CUST103142,24,75996.44,215356.33,526,72,No
CUST103143,55,82157.75,172922.02,781,12,No
CUST103144,37,45038.98,9451.3,499,48,Yes
CUST103145,54,110581.42,167980.32,642,72,No
CUST103146,44,119784.26,125638.25,788,24,No
CUST103147,52,79822.84,182230.79,647,84,Yes
CUST103148,21,109760.09,206652.89,617,60,No
CUST103149,28,55771.3,161709.72,759,72,Yes
CUST103150,65,50072.16,249915.13,603,24,No
CUST103151,43,71023.12,139277.59,569,12,Yes
CUST103152,60,80873.53,187489.07,704,48,No
CUST103153,32,60150.33,198296.55,663,72,Yes
CUST103154,32,83444.2,144159.24,568,12,Yes
CUST103155,35,77659.74,196726.46,737,12,No
CUST103156,61,45042.33,114319.62,721,36,Yes
CUST103157,39,82969.83,124645.89,647,12,No
CUST103158,46,91588.21,71250.68,653,84,No
CUST103159,49,74286.73,164484.55,722,72,No
CUST103160,42,98816.2,169515.1,787,48,No
CUST103161,60,39564.91,220755.79,654,60,No
CUST103162,41,81698.76,197468.4,738,36,No
CUST103163,58,40742.98,132912.27,730,12,No
CUST103164,40,42147.97,79309.22,759,72,No
CUST103165,49,54226.73,175971.02,683,84,Yes
CUST103166,24,46448.5,216645.19,597,84,Yes
CUST103167,27,56300.1,195311.1,638,84,Yes
CUST103168,48,64646.24,215068.65,710,24,No
CUST103169,48,90928.86,137286.63,843,36,No
CUST103170,24,61971.02,122002.86,636,48,Yes
CUST103171,42,30359.36,105785.92,752,24,Yes
CUST103172,32,98501.7,146646.21,650,48,No
CUST103173,65,49072.75,145284.55,689,24,No
CUST103174,23,68531.99,162400.66,816,60,Yes
CUST103175,42,81163.41,142242.15,748,48,No
CUST103176,64,74990.26,141982.34,568,24,No
CUST103177,22,97354.49,103398.36,628,84,No
CUST103178,44,81975.08,206497.14,793,48,Yes
CUST103179,54,48467.26,154591.08,692,36,No
CUST103180,47,124464.05,139533.36,576,48,No
CUST103181,61,74858.34,105154.24,606,72,No
CUST103182,21,66316.49,70085.21,743,48,No
CUST103183,28,94098.14,228477.85,769,24,Yes
CUST103184,43,76236.27,183278.32,681,48,Yes
CUST103185,58,79980.7,52564.93,850,60,No
CUST103186,26,132304.6,195788.54,754,12,No
CUST103187,42,63121.96,205348.87,658,36,No
CUST103188,45,62055.98,157462.57,606,72,No
CUST103189,38,72914.46,245886.65,592,84,Yes
CUST103190,37,96787.9,163003.18,710,24,No
CUST103191,32,32336.65,64990.59,636,84,No
CUST103192,26,20861.1,171910.14,830,84,No
CUST103193,46,55322.12,164693.84,811,48,No
CUST103194,47,29151.93,113802.19,736,48,Yes
CUST103195,28,59379.22,184413.53,573,48,Yes
CUST103196,39,82562.49,49940.08,619,36,Yes
CUST103197,62,47731.28,209434.01,793,72,No
CUST103198,21,34329.34,97312.7,629,12,No
CUST103199,49,71733.43,90903.23,780,60,No
CUST103200,65,91563.59,143170.51,722,72,No
CUST103201,55,27625.66,175978.38,684,60,Yes
CUST103202,60,90505.81,159835.44,616,84,No
CUST103203,34,90432.66,105440.45,671,72,No
CUST103204,55,93852.13,119634.64,697,24,Yes
CUST103205,65,100462.01,82017.46,772,12,No
CUST103206,40,125050.35,136519.21,600,12,No
CUST103207,33,61097.7,214501.27,656,36,Yes
CUST103208,58,72739.29,149744.22,684,72,No
CUST103209,28,59589.04,201564.86,739,48,No
CUST103210,63,70049.42,237324.08,598,12,Yes
CUST103211,40,108321.83,114718.89,561,72,Yes
CUST103212,53,36374.64,138805.6,740,48,Yes
CUST103213,46,48473.76,280271.57,543,36,No
CUST103214,59,104429.52,236660.6,795,84,No
CUST103215,41,95500.91,49655.73,665,84,No
CUST103216,62,60921.71,173228.9,540,72,Yes
CUST103217,63,91360.05,150033.6,636,72,No
CUST103218,61,78530.4,199587.19,714,24,No
CUST103219,29,107506.87,105301.27,632,72,No
CUST103220,44,71862.74,99623.5,681,24,No
CUST103221,57,95640.8,109435.76,746,48,No
CUST103222,61,136050.3,115684.29,661,84,No
CUST103223,37,84952.48,198919.45,595,48,No
CUST103224,44,71233.2,79127.93,653,84,No
CUST103225,41,88061.17,112643.17,807,84,No
CUST103226,59,60867.98,42659.26,831,12,No
CUST103227,61,129699.19,210427.07,498,36,No
CUST103228,59,74501.78,226261.81,778,24,No
CUST103229,33,63176.67,130375.59,702,84,No
CUST103230,31,49107.77,132123.04,763,12,No
CUST103231,39,97430.5,177193.31,630,60,No
CUST103232,31,91679.69,238468.92,520,12,Yes
CUST103233,33,57566.14,174516.64,732,48,Yes
CUST103234,65,84411.28,108147.48,595,60,Yes
CUST103235,21,32286.1,52870.65,555,12,No
CUST103236,60,74624.26,83092.42,561,72,No
CUST103237,64,81318.91,154393.17,734,36,No
CUST103238,39,112683.25,110680.35,692,24,No
CUST103239,32,50729.53,161698.06,750,72,No
CUST103240,28,38041.18,116824.56,740,60,No
CUST103241,28,47614.3,86511.21,642,84,No
CUST103242,65,36585.79,79378.1,673,36,Yes
CUST103243,32,103416.43,243741.27,633,84,No
CUST103244,53,108715.98,203339.26,661,12,No
CUST103245,65,78005.41,253831.08,592,72,No
CUST103246,46,100532.37,182397.05,715,48,No
CUST103247,59,73348.96,124200.52,776,48,No
CUST103248,48,67622.21,229400.46,606,36,No
CUST103249,25,61674.06,148015.92,795,48,No
CUST103250,28,62240.23,163250.51,690,24,No
CUST103251,45,31304.96,147430.54,701,84,No
CUST103252,47,76606.37,5000.0,527,36,No
CUST103253,43,68991.65,246284.1,517,36,Yes
CUST103254,50,88634.02,179460.24,692,48,Yes
CUST103255,65,72338.09,169789.38,751,36,No
CUST103256,43,65932.41,146293.44,619,12,Yes
CUST103257,40,48220.17,159805.67,830,60,No
CUST103258,38,71803.83,114163.26,746,72,No
CUST103259,38,88455.93,186994.76,598,60,Yes
CUST103260,22,41416.53,71574.1,682,84,No
CUST103261,24,72186.84,161164.11,850,72,Yes
CUST103262,50,75826.07,183694.41,568,48,Yes
CUST103263,53,52048.38,138079.85,727,24,No
CUST103264,56,55303.59,172252.07,650,24,No
CUST103265,38,75765.27,90519.94,743,48,No
CUST103266,57,41664.47,92050.39,794,84,No
CUST103267,39,78748.09,164203.03,645,48,No
CUST103268,48,47616.14,190712.98,780,36,No
CUST103269,60,96571.34,37508.06,850,24,No
CUST103270,40,128445.69,181321.24,685,60,Yes
CUST103271,53,48481.08,117407.91,750,48,Yes
CUST103272,32,83355.2,138431.63,626,84,Yes
CUST103273,35,51831.45,69628.92,681,84,No
CUST103274,61,96023.85,98902.97,664,60,No
CUST103275,59,38368.54,207967.52,751,72,No
CUST103276,22,82014.67,151971.8,788,60,No
CUST103277,49,48175.28,127033.3,670,84,No
CUST103278,61,64825.39,143010.7,818,24,No
CUST103279,30,44224.37,179352.71,817,72,Yes
CUST103280,22,90558.76,176429.67,756,60,No
CUST103281,31,49075.49,145498.38,633,36,No
CUST103282,33,83799.11,215577.55,624,36,Yes
CUST103283,30,61397.55,208227.76,606,24,No
CUST103284,34,67138.19,174802.32,765,36,No
CUST103285,38,73693.9,153276.71,570,48,Yes
CUST103286,29,50954.38,189439.27,740,72,Yes
CUST103287,59,75259.18,168856.05,582,24,No
CUST103288,48,108258.36,213648.0,754,72,No
CUST103289,23,50547.63,203973.68,681,84,No
CUST103290,40,99295.25,88904.77,800,60,No
CUST103291,26,107452.44,84842.21,782,48,No
CUST103292,47,49596.13,107925.03,809,24,Yes
CUST103293,22,33623.63,208568.32,811,60,No
CUST103294,49,77549.02,55421.46,692,60,No
CUST103295,58,56314.81,173685.44,575,60,No
CUST103296,23,116715.08,171752.59,585,60,Yes
CUST103297,36,70870.19,219758.88,492,60,Yes
CUST103298,50,49945.01,160820.32,582,24,Yes
CUST103299,60,41321.01,69407.44,686,36,No
CUST103300,22,97247.62,92438.7,629,60,Yes
CUST103301,37,55720.4,79080.27,663,84,No
CUST103302,61,71095.72,117723.36,724,84,No
CUST103303,32,93895.07,139025.91,652,48,No
CUST103304,55,57893.54,80073.51,579,24,No
CUST103305,63,68851.78,238239.72,675,12,Yes
CUST103306,21,69585.79,70483.12,599,36,Yes
CUST103307,65,87083.11,230766.21,655,48,No
CUST103308,35,84768.61,221109.78,800,84,No
CUST103309,46,64497.16,203898.15,655,60,Yes
CUST103310,57,71591.23,108374.0,839,24,No
CUST103311,41,60705.52,170547.05,808,24,Yes
CUST103312,51,33059.69,73357.73,627,60,Yes
CUST103313,45,76440.02,204654.42,579,84,Yes
CUST103314,43,117304.79,145560.91,675,48,No
CUST103315,44,47907.02,125440.79,783,24,No
CUST103316,58,50674.26,76575.31,635,72,Yes
CUST103317,48,48231.81,5000.0,761,84,No
CUST103318,41,88114.79,87687.55,788,84,No
CUST103319,63,81212.14,216767.89,610,36,No
CUST103320,38,66036.56,125829.99,619,48,Yes
CUST103321,56,47049.52,139840.27,744,84,No
CUST103322,55,72309.42,189333.26,693,60,No
CUST103323,65,30884.45,258340.13,618,84,Yes
CUST103324,29,73585.66,229500.28,648,48,No
CUST103325,58,91788.11,91659.9,673,72,No
CUST103326,50,38720.02,33445.77,539,84,Yes
CUST103327,64,31687.04,291576.86,748,48,Yes
CUST103328,54,109485.95,286139.5,636,84,Yes
CUST103329,52,54706.01,161307.22,429,12,Yes
CUST103330,23,98398.7,73770.71,677,60,No
CUST103331,23,66150.06,207793.59,613,36,No
CUST103332,48,65951.13,143520.98,831,60,Yes
CUST103333,64,80960.32,143221.13,627,12,No
CUST103334,35,47900.03,203667.53,581,60,Yes
CUST103335,61,73312.43,170062.48,725,60,Yes
CUST103336,43,60462.76,78851.11,620,36,No
CUST103337,60,36987.66,130515.48,609,12,Yes
CUST103338,31,78437.05,189669.18,725,60,Yes
CUST103339,52,63417.3,180615.13,586,72,Yes
CUST103340,56,66074.38,165720.99,548,84,Yes
CUST103341,53,39745.98,206005.38,835,60,Yes
CUST103342,44,109785.01,128296.98,732,24,No
CUST103343,59,91917.85,160720.19,656,60,No
CUST103344,54,94103.9,5000.0,679,36,No
CUST103345,48,62363.88,123020.99,725,24,No
CUST103346,57,26770.43,195834.17,767,72,No
CUST103347,27,118822.93,126576.33,611,84,No
CUST103348,24,68472.56,122026.36,712,72,No
CUST103349,57,51280.01,87512.82,634,72,No
CUST103350,21,80420.04,210201.95,662,12,Yes
CUST103351,21,99178.02,182907.8,694,72,No
CUST103352,40,69423.74,199524.88,679,48,Yes
CUST103353,39,101964.38,46427.16,746,36,No
CUST103354,49,97075.0,140373.0,723,12,No
CUST103355,30,43090.47,133193.34,544,24,No
CUST103356,38,53155.25,133165.7,557,48,Yes
CUST103357,48,93938.43,113038.35,646,12,No
CUST103358,55,20000.0,129233.74,844,36,No
CUST103359,63,66263.61,200978.69,603,24,Yes
CUST103360,51,34229.22,35228.92,661,36,No
CUST103361,47,58086.15,256637.69,631,36,No
CUST103362,31,62529.5,179030.47,630,24,Yes
CUST103363,58,61043.89,147460.09,696,72,Yes
CUST103364,25,56193.47,204410.05,806,60,No
CUST103365,28,42571.41,62889.92,721,36,No
CUST103366,54,127297.78,110117.95,607,72,No
CUST103367,32,116686.55,142735.47,850,84,No
CUST103368,58,40948.35,231933.62,687,24,No
CUST103369,21,109552.92,147210.21,628,36,Yes
CUST103370,51,60013.36,177003.28,807,60,No
CUST103371,24,73229.69,114625.26,637,84,No
CUST103372,65,68418.15,179210.52,829,24,No
CUST103373,25,53506.28,250634.38,601,12,Yes
CUST103374,50,94596.31,209731.6,808,12,No
CUST103375,44,73147.16,145112.64,698,72,No
CUST103376,23,58086.21,190529.45,796,12,No
CUST103377,31,37385.26,184651.02,850,48,No
CUST103378,65,47660.12,180395.26,578,36,Yes
CUST103379,24,28965.5,216717.2,794,36,Yes
CUST103380,46,70305.59,216268.66,553,24,Yes
CUST103381,47,40083.36,142370.48,585,48,Yes
CUST103382,63,63360.99,188512.74,607,36,Yes
CUST103383,47,104252.55,127014.3,725,24,No
CUST103384,62,99982.49,94615.66,682,60,No
CUST103385,26,69193.08,133830.37,664,36,No
CUST103386,35,67822.88,145423.31,693,72,No
CUST103387,50,116996.86,50305.14,733,36,No
CUST103388,62,83018.9,201619.95,740,60,No
CUST103389,57,61804.84,5000.0,778,60,No
CUST103390,57,34349.55,312889.02,843,36,No
CUST103391,62,79846.83,240112.75,678,60,Yes
CUST103392,57,90733.09,134339.48,633,24,Yes
CUST103393,55,54208.71,150565.58,735,36,Yes
CUST103394,43,77280.07,168178.31,577,36,Yes
CUST103395,26,60910.67,114650.38,618,12,Yes
CUST103396,24,65399.19,161557.15,769,72,Yes
CUST103397,38,20000.0,141360.0,668,36,Yes
CUST103398,29,64455.46,144343.64,571,84,Yes
CUST103399,49,94234.23,160887.66,545,12,No
CUST103400,33,54214.94,71188.33,684,60,No
CUST103401,37,71313.16,152374.18,782,72,Yes
CUST103402,65,51101.23,159806.86,781,72,No
CUST103403,52,79011.04,157730.98,689,60,No
CUST103404,42,64586.92,137050.15,850,24,No
CUST103405,24,46518.96,218271.47,670,12,Yes
CUST103406,25,103313.79,128780.85,667,36,Yes
CUST103407,57,93223.3,163639.55,448,12,No
CUST103408,61,54877.33,227837.85,639,60,No
CUST103409,33,82444.71,145237.43,756,60,No
CUST103410,54,83435.3,162867.8,820,84,No
CUST103411,65,86057.53,144216.92,605,24,Yes
CUST103412,42,27643.6,224242.19,721,72,Yes
CUST103413,43,95165.16,134536.53,774,72,No
CUST103414,23,55757.53,227001.27,681,60,No
CUST103415,62,61054.3,143784.73,474,12,Yes
CUST103416,54,135947.04,98432.42,702,72,No
CUST103417,52,77546.83,190762.39,748,84,Yes
CUST103418,65,60341.94,131719.93,594,84,No
CUST103419,41,20000.0,187230.05,657,36,Yes
CUST103420,64,104744.1,5000.0,576,36,Yes
CUST103421,41,36369.76,150312.32,448,12,Yes
CUST103422,64,44914.03,122423.68,772,24,Yes
CUST103423,31,61716.19,86204.48,679,36,Yes
CUST103424,59,105410.29,116805.54,823,12,No
CUST103425,24,89331.0,115577.81,757,12,No
CUST103426,21,66054.06,147120.85,648,60,Yes
CUST103427,48,77707.3,67960.41,672,72,No
CUST103428,44,54990.36,168976.43,730,60,Yes
CUST103429,55,73491.34,231972.89,767,72,No
CUST103430,33,71833.42,166855.71,709,24,Yes
CUST103431,54,94219.25,198539.32,779,24,No
CUST103432,31,94179.45,215673.75,653,24,No
CUST103433,56,82349.43,224189.37,590,12,Yes
CUST103434,37,60941.31,262208.32,674,12,Yes
CUST103435,55,88545.56,120047.88,698,60,No
CUST103436,38,67700.79,106890.96,571,36,No
CUST103437,60,42952.14,197007.94,559,84,No
CUST103438,42,59917.81,192495.97,720,72,Yes
CUST103439,44,72113.17,196540.52,643,72,No
CUST103440,39,92755.39,263356.95,665,24,Yes
CUST103441,57,65411.8,150682.19,647,72,Yes
CUST103442,59,39770.03,175569.39,816,48,No
CUST103443,41,71418.54,91176.7,793,24,No
CUST103444,28,72836.4,278119.27,568,84,Yes
CUST103445,48,74645.94,129807.3,632,72,No
CUST103446,25,92996.79,131507.04,756,60,No
CUST103447,37,95473.08,129195.01,734,72,No
CUST103448,57,55144.73,111306.25,676,12,No
CUST103449,56,54596.41,106233.78,577,60,Yes
CUST103450,39,43995.03,118577.74,618,60,No
CUST103451,47,87470.39,68052.24,633,60,Yes
CUST103452,54,106220.5,102880.92,704,48,No
CUST103453,31,62122.95,266937.79,833,48,Yes
CUST103454,65,63964.24,194139.31,618,72,Yes
CUST103455,32,106669.56,205554.25,587,24,No
CUST103456,41,82638.95,220632.53,670,72,No
CUST103457,31,80905.89,260048.07,772,72,No
CUST103458,59,40227.09,43714.65,549,72,Yes
CUST103459,48,86968.2,76207.01,810,84,No
CUST103460,25,46771.59,101776.58,664,12,Yes
CUST103461,37,41649.5,121816.21,613,60,Yes
CUST103462,40,61330.71,131965.84,535,36,Yes
CUST103463,61,55355.18,123181.35,743,84,No
CUST103464,32,64460.01,163158.53,664,24,No
CUST103465,26,33975.46,152117.72,695,24,Yes
CUST103466,37,93970.41,106629.91,598,60,No
CUST103467,39,98192.16,19467.07,651,24,Yes
CUST103468,46,21316.44,90427.88,636,60,Yes
CUST103469,64,94461.45,117045.68,670,24,Yes
CUST103470,64,49736.78,135175.23,619,72,Yes
CUST103471,52,91424.39,82219.95,541,12,Yes
CUST103472,26,68288.84,120551.61,850,84,No
CUST103473,56,70719.39,82140.76,557,84,No
CUST103474,58,65372.56,142450.84,696,24,No
CUST103475,31,100303.23,85614.52,520,84,No
CUST103476,53,39010.3,99065.72,500,24,Yes
CUST103477,44,85196.01,71478.95,688,36,No
CUST103478,43,97533.25,140789.96,695,84,No
CUST103479,35,87908.5,98013.13,793,12,No
CUST103480,47,128117.47,204407.06,715,84,No
CUST103481,31,56776.33,174351.02,666,72,No
CUST103482,37,93932.62,145808.89,594,12,Yes
CUST103483,34,67347.73,102150.87,814,84,No
CUST103484,47,100835.15,172831.22,763,12,No
CUST103485,38,69807.78,191442.05,567,84,Yes
CUST103486,48,60303.11,158561.3,683,24,No
CUST103487,24,102651.81,246222.11,692,48,Yes
CUST103488,27,57710.95,177578.24,648,24,No
CUST103489,65,34681.86,204816.43,749,60,No
CUST103490,55,57078.83,158013.92,754,84,No
CUST103491,29,85475.82,190539.87,662,36,Yes
CUST103492,28,104800.97,102193.13,654,12,No
CUST103493,65,72778.23,122496.1,814,60,No
CUST103494,37,102954.93,170961.81,763,72,No
CUST103495,37,36045.63,170525.97,686,60,No
CUST103496,53,58918.41,180456.71,533,48,No
CUST103497,52,62785.62,216023.57,710,84,Yes
CUST103498,28,67136.01,64501.73,742,12,No
CUST103499,39,72102.36,91532.85,432,24,Yes
CUST103500,58,87272.77,163774.36,702,12,No
CUST103501,23,58879.83,106538.18,642,36,Yes
CUST103502,25,73475.72,352666.09,660,12,Yes
CUST103503,33,68871.93,180943.18,598,60,Yes
CUST103504,51,46852.75,145300.15,666,60,Yes
CUST103505,36,67158.33,119071.84,805,24,No
CUST103506,52,66408.51,121190.26,639,24,No
CUST103507,42,65872.99,151808.44,766,24,No
CUST103508,49,70793.99,156718.92,607,72,Yes
CUST103509,42,71891.84,122598.05,748,84,No
CUST103510,63,59192.62,133610.87,680,36,Yes
CUST103511,23,101817.87,230657.07,711,72,Yes
CUST103512,30,40762.98,233070.3,680,72,Yes
CUST103513,62,51975.75,165122.04,737,72,No
CUST103514,41,139499.09,69524.42,448,12,Yes
CUST103515,36,44050.22,182310.19,552,48,Yes
CUST103516,32,36156.13,243256.95,717,84,No
CUST103517,22,88361.92,232186.87,496,12,Yes
CUST103518,61,20000.0,194065.55,632,24,Yes
CUST103519,44,64118.15,235345.38,675,36,No
CUST103520,55,123645.62,153203.06,605,72,No
CUST103521,50,31376.6,187686.18,617,12,Yes
CUST103522,50,20450.89,109153.47,704,84,No
CUST103523,55,32520.47,167535.93,770,60,Yes
CUST103524,39,92458.99,229772.05,593,84,Yes
CUST103525,28,98119.42,114634.6,628,72,No
CUST103526,46,57185.28,98313.39,614,84,No
CUST103527,60,87080.31,155849.34,462,12,Yes
CUST103528,27,104756.38,136400.27,692,60,No
CUST103529,50,114683.66,188948.86,764,12,No
CUST103530,27,63841.62,122804.43,771,12,No
CUST103531,23,20000.0,253106.38,601,72,Yes
CUST103532,21,49478.03,72619.43,567,12,Yes
CUST103533,56,59329.9,225224.09,681,24,No
CUST103534,45,63526.53,104109.05,754,84,No
CUST103535,57,65303.51,42241.04,693,60,Yes
CUST103536,21,97972.36,164272.51,706,36,No
CUST103537,35,101860.71,134723.52,782,48,No
CUST103538,57,65708.16,83423.44,613,84,No
CUST103539,33,97462.12,49117.39,660,72,No
CUST103540,60,78941.53,149498.35,827,60,No
CUST103541,28,71612.65,208550.21,662,24,Yes
CUST103542,25,92663.6,185097.21,565,60,No
CUST103543,29,71806.3,153402.4,619,36,No
CUST103544,21,121445.28,178730.85,595,72,Yes
CUST103545,56,34039.72,148367.15,712,60,Yes
CUST103546,55,57120.73,64216.55,599,84,Yes
CUST103547,22,66837.03,64746.36,704,24,No
CUST103548,60,80986.32,137809.89,613,72,No
CUST103549,43,101699.01,140360.8,488,24,Yes
CUST103550,29,69390.04,201058.96,707,72,No
CUST103551,54,34444.26,195438.25,693,48,Yes
CUST103552,34,91062.85,186307.98,726,36,No
CUST103553,24,88873.97,133183.04,619,48,No
CUST103554,50,21453.53,67160.87,609,84,Yes
CUST103555,51,69904.9,174724.27,716,84,No
CUST103556,58,30246.45,181510.16,816,84,No
CUST103557,31,53383.72,6688.11,681,12,Yes
CUST103558,55,47429.78,99939.71,718,84,No
CUST103559,28,90231.62,108536.74,651,24,No
CUST103560,23,72920.75,157101.01,541,48,No
CUST103561,34,37860.22,101798.37,767,24,No
CUST103562,33,92001.65,147711.93,761,72,No
CUST103563,65,34154.85,137367.9,743,24,Yes
CUST103564,52,78252.84,140451.03,663,12,No
CUST103565,54,49649.73,107016.34,733,24,No
CUST103566,65,60858.07,111660.9,760,72,No
CUST103567,39,82606.77,85183.98,825,72,No
CUST103568,58,83036.23,172804.05,768,48,No
CUST103569,36,103424.23,184266.16,685,84,Yes
CUST103570,22,67943.66,103762.92,562,36,No
CUST103571,60,77661.27,241238.41,694,60,No
CUST103572,37,59056.57,131123.91,703,48,No
CUST103573,54,74549.75,241811.14,743,12,No
CUST103574,62,80987.15,111472.37,801,60,No
CUST103575,36,67542.25,28405.33,671,24,Yes
CUST103576,58,24906.24,174131.87,850,48,No
CUST103577,22,78286.77,164912.71,521,60,Yes
CUST103578,22,79114.04,152063.63,717,84,No
CUST103579,46,52995.66,111466.05,608,84,Yes
CUST103580,33,37890.32,147925.67,508,48,Yes
CUST103581,51,106896.98,119324.43,661,84,No
CUST103582,54,82286.14,131859.03,548,24,No
CUST103583,59,64272.97,200497.94,665,72,Yes
CUST103584,23,41574.18,161053.03,683,48,No
CUST103585,28,49454.63,186597.08,780,12,No
CUST103586,43,102564.76,136087.89,544,60,No
CUST103587,34,73441.55,129478.96,761,60,No
CUST103588,47,56235.32,80791.05,688,60,No
CUST103589,49,82742.23,127797.8,772,48,No
CUST103590,59,49640.05,5000.0,641,24,No
CUST103591,59,107521.08,114586.68,560,48,Yes
CUST103592,21,103820.01,145087.55,570,48,Yes
CUST103593,37,58335.65,183820.42,563,84,Yes
CUST103594,61,54283.24,133879.33,723,72,No
CUST103595,50,20000.0,170860.41,812,60,Yes
CUST103596,33,32960.48,19212.68,629,24,No
CUST103597,41,36513.26,146589.79,736,36,No
CUST103598,39,73379.76,49229.83,542,24,No
CUST103599,39,61844.16,77501.79,696,84,No
CUST103600,45,36366.61,138770.07,740,48,No
CUST103601,42,62970.9,226575.84,549,12,Yes
CUST103602,51,82633.43,172272.41,661,24,No
CUST103603,37,83195.98,151093.86,744,60,No
CUST103604,43,22508.24,148828.18,415,12,Yes
CUST103605,52,66793.41,107182.27,800,36,No
CUST103606,30,35416.48,117361.0,711,36,No
CUST103607,30,92543.22,175642.56,744,12,No
CUST103608,56,89603.66,66878.37,642,84,No
CUST103609,28,47549.32,185583.24,524,36,Yes
CUST103610,40,50848.87,126689.58,728,12,No
CUST103611,52,58468.32,199533.42,672,48,Yes
CUST103612,34,20000.0,207665.61,682,12,Yes
CUST103613,48,78399.2,49614.96,777,48,No
CUST103614,44,63178.89,115105.15,748,84,No
CUST103615,35,94254.38,98668.34,850,60,No
CUST103616,42,42539.77,41236.32,693,60,No
CUST103617,50,54521.93,88048.0,617,36,No
CUST103618,24,32336.87,296475.35,663,72,No
CUST103619,33,44892.74,186570.59,717,72,No
CUST103620,43,40450.45,265037.28,771,12,Yes
CUST103621,28,94899.34,199745.91,547,84,No
CUST103622,38,52543.45,105489.41,680,48,No
CUST103623,32,73104.39,127093.73,824,60,No
CUST103624,51,60480.91,185306.17,658,84,Yes
CUST103625,34,38263.37,176250.37,763,60,Yes
CUST103626,54,65792.49,115359.48,724,60,No
CUST103627,38,84977.58,59400.41,766,36,No
CUST103628,54,39806.02,347265.67,607,60,No
CUST103629,31,90227.82,141531.02,607,72,Yes
CUST103630,61,48756.98,130455.67,681,24,Yes
CUST103631,32,57925.4,156800.07,542,36,Yes
CUST103632,35,83267.08,135436.28,655,12,No
CUST103633,51,53414.1,157363.73,702,24,No
CUST103634,49,70939.37,227216.84,840,36,Yes
CUST103635,46,62132.73,142527.09,716,84,No
CUST103636,38,73234.2,80237.37,736,36,No
CUST103637,52,20000.0,140301.37,784,48,No
CUST103638,42,24257.95,122135.89,593,24,Yes
CUST103639,58,85399.18,235433.94,665,24,No
CUST103640,37,95929.54,220267.14,850,72,No
CUST103641,43,47237.83,156451.5,672,24,No
CUST103642,44,63899.29,73275.85,780,60,No
CUST103643,28,77367.98,76446.46,766,72,No
CUST103644,61,87330.44,150907.4,546,84,Yes
CUST103645,26,20000.0,170179.38,707,60,No
CUST103646,25,47848.99,127522.63,693,72,No
CUST103647,64,61685.52,121189.82,709,12,No
CUST103648,49,87578.5,114432.05,612,84,No
CUST103649,48,132460.76,148596.36,579,72,No
CUST103650,31,64299.86,7034.26,637,12,No
CUST103651,21,34825.56,83920.4,671,72,No
CUST103652,63,80056.7,112376.95,786,12,No
CUST103653,39,103024.89,222450.19,843,60,No
CUST103654,29,72700.35,101171.18,805,84,No
CUST103655,47,47333.79,160828.09,757,84,Yes
CUST103656,54,93949.85,163592.57,589,72,Yes
CUST103657,64,86588.64,227874.99,643,48,No
CUST103658,24,44347.98,225754.64,698,72,No
CUST103659,56,79535.64,146549.82,623,12,No
CUST103660,38,94931.64,121470.92,731,84,No
CUST103661,35,99547.25,110170.01,744,36,No
CUST103662,33,68338.78,135536.21,728,60,No
CUST103663,39,61048.01,123958.0,772,48,No
CUST103664,26,100681.85,183217.64,598,36,No
CUST103665,32,39745.99,175218.59,763,36,No
CUST103666,57,80964.48,185508.07,617,60,No
CUST103667,37,35749.33,225557.02,595,72,Yes
CUST103668,43,96634.41,261772.15,727,24,No
CUST103669,46,63548.86,157479.8,789,48,Yes
CUST103670,49,101714.58,215967.83,723,72,Yes
CUST103671,53,82285.32,128900.39,681,60,No
CUST103672,47,39419.49,221100.42,707,24,Yes
CUST103673,45,105615.69,213690.55,692,60,Yes
CUST103674,30,108781.13,210504.96,578,60,No
CUST103675,43,92057.16,155644.19,568,36,Yes
CUST103676,41,50960.3,109898.51,672,84,Yes
CUST103677,41,62349.65,66328.29,687,72,No
CUST103678,63,73635.68,147597.77,681,60,Yes
CUST103679,33,52407.24,241980.75,740,72,No
CUST103680,57,112308.66,131409.31,660,24,No
CUST103681,53,73608.16,197107.6,730,36,No
CUST103682,44,20000.0,200637.08,666,24,No
CUST103683,64,78483.9,132978.83,844,24,No
CUST103684,31,61296.07,228980.69,687,36,Yes
CUST103685,37,68126.84,5000.0,850,72,No
CUST103686,24,60784.52,76634.98,711,24,No
CUST103687,45,90176.16,95062.06,660,12,No
CUST103688,50,97992.19,100817.1,599,72,No
CUST103689,29,77076.33,170175.78,550,84,Yes
CUST103690,41,61517.22,167402.27,590,84,Yes
CUST103691,40,68966.57,173639.43,600,60,No
CUST103692,39,70489.99,185764.89,715,36,No
CUST103693,39,49939.25,92993.73,632,84,No
CUST103694,32,84473.22,76909.44,696,36,No
CUST103695,57,81501.06,173779.18,795,72,Yes
CUST103696,62,108511.03,112186.08,672,12,Yes
CUST103697,37,101383.74,55771.5,850,12,No
CUST103698,57,52858.13,208280.66,574,12,Yes
CUST103699,59,90507.46,233706.11,666,12,Yes
CUST103700,48,46226.17,243429.65,631,48,No
CUST103701,61,87398.3,161220.46,764,36,No
CUST103702,55,57084.65,187555.93,478,24,Yes
CUST103703,38,44418.67,232192.09,550,36,Yes
CUST103704,34,77001.13,111515.05,670,84,No
CUST103705,55,20000.0,216640.66,819,36,Yes
CUST103706,64,26225.61,166523.77,700,36,Yes
CUST103707,61,65562.7,204822.7,558,12,Yes
CUST103708,27,72061.04,161165.58,572,12,Yes
CUST103709,61,60767.03,227775.4,830,48,No
CUST103710,33,30514.09,163411.43,624,72,No
CUST103711,38,49552.7,60961.26,595,36,No
CUST103712,57,79780.23,237115.6,812,60,Yes
CUST103713,33,84544.54,93148.16,770,72,No
CUST103714,56,69594.42,225183.49,794,84,No
CUST103715,51,98920.84,144585.43,594,48,No
CUST103716,22,79934.93,220560.66,542,84,Yes
CUST103717,36,51313.61,218086.12,691,12,No
CUST103718,29,62987.45,175808.58,710,84,No
CUST103719,29,34928.35,180512.12,712,36,No
CUST103720,58,67296.53,175357.72,813,12,No
CUST103721,31,97802.52,29170.51,523,72,No
CUST103722,42,87132.25,157099.81,757,24,No
CUST103723,53,105050.23,83036.15,581,12,Yes
CUST103724,56,62427.87,160271.23,757,12,No
CUST103725,65,103652.49,81423.45,637,48,No
CUST103726,43,65167.39,78902.88,606,24,No
CUST103727,65,106789.63,246296.07,625,72,No
CUST103728,65,69453.58,214166.84,549,60,Yes
CUST103729,54,87680.78,149751.44,683,60,No
CUST103730,29,106877.81,161086.12,610,60,No
CUST103731,44,65164.31,135125.04,750,36,Yes
CUST103732,28,75459.72,184192.58,737,60,No
CUST103733,27,102221.59,109436.74,831,36,No
CUST103734,56,66674.92,209624.42,712,72,No
CUST103735,38,36977.69,134814.79,726,72,No
CUST103736,23,123575.18,124809.18,806,12,No
CUST103737,48,58255.89,151302.78,623,60,No
CUST103738,26,73968.9,114531.19,546,48,No
CUST103739,64,98900.17,169720.94,698,72,Yes
CUST103740,64,54787.65,117758.24,551,24,Yes
CUST103741,41,44803.3,178111.42,850,24,No
CUST103742,48,76343.43,222960.39,810,72,No
CUST103743,60,25173.09,106840.7,850,12,No
CUST103744,21,62802.35,142165.47,685,84,Yes
CUST103745,56,76125.97,177679.84,729,24,Yes
CUST103746,41,63251.2,123848.56,638,24,No
CUST103747,63,31413.73,177859.23,759,84,No
CUST103748,55,109854.45,183323.93,570,12,No
CUST103749,33,72588.45,214995.71,451,84,Yes
CUST103750,30,105778.8,113640.6,608,12,No
CUST103751,64,63499.09,93433.49,549,12,No
CUST103752,30,47999.7,131545.36,813,48,No
CUST103753,33,76729.52,91934.86,843,12,No
CUST103754,57,64605.32,183869.89,553,12,Yes
CUST103755,58,40555.96,80294.92,796,12,No
CUST103756,44,106744.61,289980.99,765,72,Yes
CUST103757,22,54443.24,227755.67,538,60,Yes
CUST103758,42,23993.34,150754.55,644,72,No
CUST103759,37,103204.15,202043.67,627,60,No
CUST103760,56,57392.55,51791.89,747,48,No
CUST103761,34,54804.4,301402.4,569,48,Yes
CUST103762,30,25865.31,114587.12,671,24,Yes
CUST103763,55,113523.54,142770.16,618,84,No
CUST103764,45,37762.99,38644.0,722,84,No
CUST103765,23,71461.24,179177.24,660,72,Yes
CUST103766,58,92815.51,83619.35,631,60,Yes
CUST103767,37,80542.92,156099.35,660,48,No
CUST103768,32,68508.64,117343.53,850,48,No
CUST103769,44,27458.35,85335.36,642,72,Yes
CUST103770,49,49756.88,101738.31,586,24,Yes
CUST103771,63,74695.01,163547.28,732,12,No
CUST103772,45,50320.65,73110.54,667,36,No
CUST103773,56,75083.99,105071.3,552,24,No
CUST103774,46,87043.59,189796.4,850,84,Yes
CUST103775,58,94062.57,306148.79,648,84,No
CUST103776,21,39345.52,178655.33,645,36,Yes
CUST103777,40,124916.15,94964.3,694,24,No
CUST103778,48,89186.98,127973.15,835,24,No
CUST103779,36,69957.15,151895.34,528,12,Yes
CUST103780,37,97238.41,129034.5,704,48,No
CUST103781,60,129135.19,204183.49,850,60,No
CUST103782,48,34032.0,163048.41,691,24,Yes
CUST103783,32,64368.43,204471.14,568,12,Yes
CUST103784,47,20000.0,131133.37,624,84,Yes
CUST103785,62,74816.29,229530.01,698,36,No
CUST103786,50,79134.86,140010.86,799,72,No
CUST103787,61,69020.95,91728.61,649,84,No
CUST103788,54,53636.66,280639.22,754,72,No
CUST103789,57,20000.0,40501.34,550,48,Yes
CUST103790,26,79338.34,105675.68,550,72,No
CUST103791,27,106385.86,112378.33,636,24,Yes
CUST103792,52,55224.54,300498.38,809,36,No
CUST103793,52,81001.5,258411.53,686,24,No
CUST103794,45,30796.39,239635.69,706,72,No
CUST103795,53,81430.33,130160.48,705,60,No
CUST103796,27,60165.44,295570.68,779,84,No
CUST103797,32,50939.55,172101.12,625,72,No
CUST103798,36,50990.91,208635.8,741,60,No
CUST103799,36,60159.71,160781.72,605,72,No
CUST103800,63,79560.83,147032.01,850,48,No
CUST103801,56,37195.92,134893.28,607,36,Yes
CUST103802,33,60072.12,137421.6,600,60,No
CUST103803,27,68963.21,186509.5,729,12,No
CUST103804,56,42524.02,172031.99,687,48,No
CUST103805,29,114916.63,148111.72,709,24,No
CUST103806,52,48662.61,240571.44,700,72,No
CUST103807,31,53264.08,5000.0,581,36,No
CUST103808,28,45542.3,180593.23,825,36,No
CUST103809,53,114962.0,193064.32,760,72,No
CUST103810,43,83822.63,218817.77,802,12,No
CUST103811,45,46585.2,146107.71,632,84,No
CUST103812,28,97655.79,162475.2,717,84,No
CUST103813,65,75017.47,209156.9,697,60,Yes
CUST103814,42,76431.34,239469.98,781,72,No
CUST103815,24,61388.07,131967.84,784,36,Yes
CUST103816,60,51264.6,166018.55,697,12,Yes
CUST103817,23,78444.15,250714.44,543,84,Yes
CUST103818,49,56372.82,22558.38,840,12,No
CUST103819,61,115418.89,108599.24,730,84,No
CUST103820,49,38267.72,237950.16,625,24,No
CUST103821,54,108403.92,215552.27,716,12,No
CUST103822,54,67217.03,181346.71,544,48,Yes
CUST103823,48,77477.14,123084.19,774,36,No
CUST103824,33,90828.94,97090.89,547,48,Yes
CUST103825,35,54243.77,114527.06,660,84,Yes
CUST103826,43,91606.21,242880.49,702,12,Yes
CUST103827,64,20000.0,112293.44,773,12,No
CUST103828,46,52000.26,156085.38,689,48,Yes
CUST103829,24,46898.43,104777.54,737,24,No
CUST103830,46,38662.35,200566.44,677,12,Yes
CUST103831,60,64626.13,117676.42,677,48,No
CUST103832,29,79643.75,144144.37,687,48,Yes
CUST103833,25,87566.5,48997.07,662,36,No
CUST103834,52,76021.92,53197.91,528,24,No
CUST103835,40,53357.66,150460.39,610,60,Yes
CUST103836,31,79225.41,70490.57,702,48,No
CUST103837,35,73107.14,276305.2,657,36,No
CUST103838,52,93401.4,26308.61,665,60,No
CUST103839,48,89423.42,101989.48,650,36,No
CUST103840,42,70761.91,151002.05,602,36,No
CUST103841,61,47568.67,128092.02,635,72,Yes
CUST103842,37,53676.25,83751.27,652,24,No
CUST103843,46,56255.27,92524.33,680,12,No
CUST103844,64,62118.34,90560.76,715,24,No
CUST103845,27,76701.26,132796.7,663,60,No
CUST103846,62,87879.36,267115.75,587,72,Yes
CUST103847,46,68722.03,154676.24,554,24,Yes
CUST103848,45,70403.12,220974.03,850,12,No
CUST103849,30,73582.66,180418.58,578,24,No
CUST103850,65,57102.37,216831.74,633,24,Yes
CUST103851,39,46865.19,5000.0,726,24,No
CUST103852,31,26114.05,131732.52,712,48,No
CUST103853,33,52621.27,228428.13,726,48,No
CUST103854,28,81828.64,115695.85,640,24,No
CUST103855,60,52427.21,255748.39,701,12,No
CUST103856,24,64054.82,239033.41,685,84,No
CUST103857,51,81660.78,121852.16,651,12,Yes
CUST103858,48,83017.24,119810.19,702,12,No
CUST103859,31,43011.68,89183.65,774,12,No
CUST103860,63,94926.48,112224.35,678,72,No
CUST103861,21,98183.75,76044.66,678,72,Yes
CUST103862,58,41753.75,175728.67,776,36,No
CUST103863,44,49404.08,62637.21,766,24,No
CUST103864,51,99777.27,186223.98,822,84,No
CUST103865,61,66328.66,187684.72,521,84,Yes
CUST103866,46,20000.0,50327.74,761,24,Yes
CUST103867,25,35007.96,242989.12,734,36,Yes
CUST103868,40,63765.76,180816.56,600,12,No
CUST103869,61,40923.93,194981.88,702,60,Yes
CUST103870,31,59664.41,104480.09,774,60,No
CUST103871,53,70809.91,187342.75,605,36,Yes
CUST103872,58,106556.37,217583.61,719,84,No
CUST103873,47,62738.65,144083.5,758,60,No
CUST103874,54,96813.54,270115.35,583,48,Yes
CUST103875,35,105719.0,152643.88,667,24,No
CUST103876,52,105857.74,218447.15,707,60,No
CUST103877,41,77118.86,167580.53,608,72,Yes
CUST103878,25,20917.77,185131.29,600,72,No
CUST103879,26,81520.62,49720.06,667,84,No
CUST103880,58,96210.0,172263.22,752,84,No
CUST103881,42,67973.32,105901.49,737,48,No
CUST103882,38,113614.6,99216.1,602,24,No
CUST103883,34,91495.84,254646.19,738,48,Yes
CUST103884,30,84206.83,137173.79,604,24,No
CUST103885,33,97159.52,89801.89,535,24,No
CUST103886,51,78334.25,128452.1,646,84,No
CUST103887,50,20000.0,71972.99,781,60,No
CUST103888,23,57521.53,236033.07,739,72,No
CUST103889,50,99929.2,108259.16,679,36,No
CUST103890,26,49810.22,181758.0,642,60,No
CUST103891,49,64413.19,231366.4,644,84,No
CUST103892,28,43879.09,119990.84,689,12,Yes
CUST103893,64,114598.06,181921.35,583,48,No
CUST103894,65,112037.31,88194.84,648,84,No
CUST103895,63,47903.28,296746.17,660,12,Yes
CUST103896,64,73682.45,206182.81,558,24,No
CUST103897,53,52987.65,138443.61,604,84,No
CUST103898,37,85373.62,103629.98,716,60,No
CUST103899,31,82742.08,143160.21,680,12,No
CUST103900,33,90292.64,129600.98,652,12,No
CUST103901,31,78297.96,267176.67,597,72,Yes
CUST103902,51,143385.16,76467.92,821,84,No
CUST103903,48,44301.91,158088.09,604,12,Yes
CUST103904,64,27234.92,148899.72,702,72,Yes
CUST103905,26,60172.74,142955.38,636,72,Yes
CUST103906,61,30800.29,143483.0,683,24,Yes
CUST103907,36,32688.44,143035.75,721,72,Yes
CUST103908,24,44967.13,202383.96,556,24,No
CUST103909,55,46945.28,186539.07,679,72,Yes
CUST103910,46,46134.55,175134.7,787,72,No
CUST103911,32,82955.47,5000.0,838,84,No
CUST103912,31,57345.27,167987.69,668,84,Yes
CUST103913,57,65512.14,50661.64,683,24,No
CUST103914,45,92355.82,188779.21,850,12,No
CUST103915,38,50841.94,238469.84,782,48,No
CUST103916,39,63386.35,94425.65,624,60,No
CUST103917,43,79144.0,134293.16,624,60,No
CUST103918,58,21460.8,114038.66,766,24,No
CUST103919,38,20000.0,224125.91,589,12,Yes
CUST103920,46,78652.93,155701.67,777,84,No
CUST103921,26,82300.36,253699.76,710,84,Yes
CUST103922,24,121605.5,174825.25,726,48,No
CUST103923,64,73952.37,164547.01,656,36,Yes
CUST103924,49,90493.49,154092.41,623,84,No
CUST103925,54,65113.18,199079.53,811,24,No
CUST103926,37,77430.68,45738.83,657,36,No
CUST103927,63,111681.42,155120.64,643,60,No
CUST103928,63,20000.0,145797.21,672,60,No
CUST103929,36,80340.41,193525.13,697,84,No
CUST103930,22,123389.67,138737.9,587,48,Yes
CUST103931,54,77050.86,87675.93,629,48,No
CUST103932,28,111264.32,150441.04,624,36,No
CUST103933,33,54269.7,85029.57,756,84,No
CUST103934,62,69198.81,34484.27,600,60,No
CUST103935,28,70838.12,193627.35,521,48,Yes
CUST103936,50,20000.0,184743.69,502,48,Yes
CUST103937,52,40795.55,178025.46,547,60,Yes
CUST103938,56,42578.12,228175.71,802,84,Yes
CUST103939,50,90551.65,110098.09,681,60,No
CUST103940,21,91803.83,64133.15,725,12,No
CUST103941,63,78100.91,145798.21,728,72,No
CUST103942,59,90602.57,129149.98,685,48,No
CUST103943,37,65896.26,99462.26,673,36,No
CUST103944,40,100048.29,145209.05,774,84,No
CUST103945,44,70219.71,113303.69,693,24,No
CUST103946,42,71446.6,39839.68,805,24,No
CUST103947,49,63360.18,123529.4,735,60,No
CUST103948,42,87111.26,81817.49,624,72,No
CUST103949,64,59470.03,163898.88,635,84,Yes
CUST103950,29,94410.78,110637.91,614,84,No
CUST103951,57,41696.27,216697.89,789,36,Yes
CUST103952,30,42527.09,246231.96,643,12,No
CUST103953,56,87185.67,190762.88,608,48,Yes
CUST103954,57,67786.39,56938.43,708,12,No
CUST103955,48,58652.71,240311.76,671,84,No
CUST103956,48,92251.44,244543.23,706,36,Yes
CUST103957,62,54818.46,151127.43,850,12,No
CUST103958,63,64994.97,229375.57,762,60,Yes
CUST103959,41,104980.7,116899.49,682,24,No
CUST103960,44,108478.56,38025.24,553,60,Yes
CUST103961,62,109309.96,104382.93,635,48,No
CUST103962,60,62946.86,253758.05,743,60,Yes
CUST103963,22,100767.57,60535.2,574,36,No
CUST103964,28,46276.18,149971.28,850,84,No
CUST103965,47,47327.43,152048.63,681,36,No
CUST103966,42,20000.0,119221.55,684,48,Yes
CUST103967,57,111821.71,123388.7,620,48,No
CUST103968,47,48400.5,154334.95,724,24,No
CUST103969,49,66836.69,116270.26,575,12,Yes
CUST103970,23,47241.89,64676.49,850,24,No
CUST103971,64,87379.13,162901.92,798,60,No
CUST103972,33,60609.16,214401.99,768,12,No
CUST103973,65,37379.58,202174.35,554,48,Yes
CUST103974,30,81041.56,101415.87,698,36,Yes
CUST103975,56,34156.75,74926.33,788,60,No
CUST103976,29,49064.86,132948.73,733,24,No
CUST103977,47,20000.0,244067.49,589,84,Yes
CUST103978,54,34401.05,188735.88,621,72,No
CUST103979,21,74463.23,192237.88,639,72,Yes
CUST103980,52,20886.6,203391.42,625,48,Yes
CUST103981,45,32971.36,175245.99,817,84,Yes
CUST103982,49,69940.78,157236.51,507,12,Yes
CUST103983,27,56409.83,189738.41,739,72,No
CUST103984,23,119800.92,117230.03,563,12,Yes
CUST103985,40,115847.41,65132.22,593,36,No
CUST103986,40,48301.94,193379.82,499,48,Yes
CUST103987,50,83928.44,224264.29,630,48,Yes
CUST103988,55,88732.06,82906.08,815,60,No
CUST103989,55,55063.03,199315.29,703,60,Yes
CUST103990,59,32611.46,250845.94,572,84,Yes
CUST103991,47,69692.54,149865.23,771,12,No
CUST103992,46,65678.86,100919.87,790,72,No
CUST103993,34,59105.89,157381.12,689,72,Yes
CUST103994,37,81057.92,116967.96,850,24,No
CUST103995,38,51231.76,112996.19,753,12,No
CUST103996,65,41200.06,175991.04,741,72,No
CUST103997,49,72727.07,53776.23,607,60,Yes
CUST103998,40,79649.25,63364.26,736,60,No
CUST103999,47,40583.88,151157.45,699,60,No
CUST104000,38,93202.27,148661.49,726,12,No
CUST104001,24,25737.97,170613.27,618,48,Yes
CUST104002,21,55547.16,262513.52,691,84,Yes
CUST104003,21,63549.79,156270.84,606,24,No
CUST104004,46,54094.41,185890.33,486,24,No
CUST104005,65,55873.49,91468.02,769,60,No
CUST104006,40,116776.86,196076.26,544,36,No
CUST104007,43,48727.9,118416.55,689,12,No
CUST104008,30,131030.54,154285.25,709,72,No
CUST104009,31,80928.17,143469.08,709,72,No
CUST104010,61,72301.38,211978.45,654,84,Yes
CUST104011,61,81906.01,71401.41,704,48,No
CUST104012,25,133248.19,13005.68,722,60,No
CUST104013,21,45160.17,137194.04,746,36,No
CUST104014,37,41989.55,178111.88,836,60,No
CUST104015,42,51128.35,159136.16,701,36,No
CUST104016,54,70803.58,223932.25,685,24,No
CUST104017,65,26855.72,176242.36,598,36,Yes
CUST104018,61,70558.48,116169.1,719,24,No
CUST104019,49,112338.68,10474.79,740,24,No
CUST104020,24,73785.18,135761.27,662,12,Yes
CUST104021,25,62682.86,211677.54,729,84,Yes
CUST104022,31,54545.99,126477.13,653,36,Yes
CUST104023,41,92462.79,151699.22,740,48,No
CUST104024,55,49354.18,175281.62,762,48,No
CUST104025,32,116159.9,89082.46,760,36,No
CUST104026,46,118333.99,187394.15,690,84,No
CUST104027,39,76418.77,248227.31,586,12,Yes
CUST104028,65,69712.12,139631.2,624,48,Yes
CUST104029,27,95766.5,82256.13,733,60,No
CUST104030,27,97369.96,146003.94,850,48,No
CUST104031,46,49850.21,16536.95,649,12,No
CUST104032,60,56836.12,170214.2,721,24,Yes
CUST104033,25,36941.31,177136.46,629,24,Yes
CUST104034,41,80226.62,250538.18,592,24,Yes
CUST104035,34,86665.7,138360.31,619,12,No
CUST104036,24,36251.86,174509.12,492,24,Yes
CUST104037,43,58620.03,98322.71,801,84,No
CUST104038,62,36318.65,128614.37,479,24,Yes
CUST104039,40,47530.0,58488.87,656,12,No
CUST104040,35,83775.43,138312.62,573,60,Yes
CUST104041,65,51662.95,131681.45,600,48,No
CUST104042,49,62479.35,167951.99,803,12,No
CUST104043,28,29317.21,112584.19,698,12,Yes
CUST104044,61,74674.76,155000.72,593,36,Yes
CUST104045,39,68893.17,129997.2,626,24,No
CUST104046,59,51776.02,130110.04,611,72,No
CUST104047,48,65274.64,154821.74,676,60,Yes
CUST104048,47,74507.37,152431.38,695,72,No
CUST104049,24,49628.3,195670.44,850,36,No
CUST104050,35,33093.44,142761.42,507,60,Yes
CUST104051,55,115139.36,129006.88,676,24,No
CUST104052,57,54168.18,139151.55,651,72,Yes
CUST104053,21,67581.0,107120.15,765,24,No
CUST104054,23,95270.99,128405.33,711,24,No
CUST104055,44,158226.38,271869.52,733,48,No
CUST104056,47,38887.84,95239.27,711,60,No
CUST104057,60,81245.68,133280.62,596,60,No
CUST104058,56,52311.19,126750.68,789,36,No
CUST104059,54,56530.24,135169.7,751,12,No
CUST104060,49,51994.7,130125.64,762,24,No
CUST104061,44,41858.63,166754.41,793,24,No
CUST104062,44,68967.72,47389.49,717,72,No
CUST104063,62,33137.43,212230.29,813,36,Yes
CUST104064,24,93670.19,187954.97,713,60,No
CUST104065,23,71375.07,75427.7,660,48,No
CUST104066,54,80560.87,13855.36,679,60,No
CUST104067,43,58345.28,91375.67,677,48,No
CUST104068,43,60819.9,135440.01,633,48,No
CUST104069,65,77189.1,304817.51,826,60,Yes
CUST104070,25,40898.73,182595.42,706,72,No
CUST104071,51,61050.24,41544.62,688,24,Yes
CUST104072,61,48509.66,108620.67,714,48,Yes
CUST104073,26,47735.78,146807.25,850,72,Yes
CUST104074,57,20000.0,165221.01,578,36,No
CUST104075,30,103483.16,71115.07,603,36,No
CUST104076,60,52836.53,141900.59,555,48,Yes
CUST104077,27,99084.4,106941.65,659,24,No
CUST104078,59,96719.81,83774.49,702,48,No
CUST104079,58,37850.01,165575.74,638,36,Yes
CUST104080,41,42789.72,196432.63,631,84,Yes
CUST104081,40,134012.57,200462.48,692,36,No
CUST104082,23,113773.15,184463.18,634,60,No
CUST104083,42,69212.04,120157.83,707,84,No
CUST104084,24,76434.33,192872.99,780,24,No
CUST104085,48,54228.84,168543.27,740,60,No
CUST104086,32,80808.82,158036.51,759,84,No
CUST104087,58,52070.45,113298.41,777,72,No
CUST104088,56,20000.0,120187.43,705,84,No
CUST104089,61,36961.11,154433.22,665,72,Yes
CUST104090,25,70527.32,296392.47,610,72,Yes
CUST104091,33,41723.32,168074.55,644,84,No
CUST104092,43,68318.06,113328.69,632,84,No
CUST104093,50,43133.47,100056.63,745,12,Yes
CUST104094,57,50441.15,120494.0,711,84,Yes
CUST104095,45,91329.13,280637.61,742,72,No
CUST104096,47,76187.01,126044.6,575,48,No
CUST104097,34,69758.39,204412.23,808,60,Yes
CUST104098,56,91974.1,127444.31,641,72,Yes
CUST104099,59,82015.21,165671.07,580,24,Yes
CUST104100,36,106164.08,197504.72,640,84,No
CUST104101,42,58503.52,115685.83,850,72,No
CUST104102,41,59259.13,111533.3,645,48,Yes
CUST104103,41,37472.27,249532.18,650,84,No
CUST104104,28,59275.48,209075.57,662,48,No
CUST104105,36,94119.25,197440.34,666,48,Yes
CUST104106,51,102499.68,197236.58,609,48,No
CUST104107,62,94007.63,177574.53,692,48,No
CUST104108,30,25145.2,271066.55,776,24,No
CUST104109,52,97078.63,152634.5,708,12,No
CUST104110,54,24037.03,184635.74,579,36,Yes
CUST104111,29,92452.93,62945.22,649,12,Yes
CUST104112,37,60805.39,100502.36,630,36,No
CUST104113,31,87563.33,77950.86,684,60,No
CUST104114,52,36688.79,226443.82,799,84,No
CUST104115,30,99279.19,5000.0,666,48,No
CUST104116,42,33375.63,125861.4,672,60,No
CUST104117,37,53288.63,5000.0,839,60,No
CUST104118,24,45047.63,100122.73,758,84,No
CUST104119,45,26142.88,120543.06,731,36,Yes
CUST104120,41,72363.19,233092.27,850,24,No
CUST104121,57,115152.23,173797.68,724,48,No
CUST104122,58,136672.63,100011.51,501,72,Yes
CUST104123,21,72428.89,213957.82,754,84,No
CUST104124,45,97917.03,151069.94,536,84,Yes
CUST104125,56,75802.37,152254.01,720,60,Yes
CUST104126,37,82472.08,77839.71,525,12,Yes
CUST104127,61,61446.28,90599.18,637,48,No
CUST104128,44,74876.92,100494.16,647,24,No
CUST104129,22,83436.97,152787.68,610,48,No
CUST104130,60,55538.51,154673.14,648,72,No
CUST104131,35,68062.64,242645.56,772,72,No
CUST104132,52,68539.25,173103.31,615,60,No
CUST104133,59,90660.08,5000.0,729,12,No
CUST104134,26,43349.2,165758.52,593,60,No
CUST104135,21,68711.44,62999.02,662,24,No
CUST104136,43,117800.14,92041.74,709,36,No
CUST104137,59,99101.5,101269.83,590,72,No
CUST104138,37,103729.48,110199.7,561,12,No
CUST104139,54,70610.8,67491.04,724,72,No
CUST104140,61,78024.94,162208.92,781,24,No
CUST104141,49,95055.9,65351.86,672,24,No
CUST104142,29,109006.39,171400.06,638,72,Yes
CUST104143,33,21209.93,284218.26,694,60,Yes
CUST104144,26,37113.97,70238.46,684,72,Yes
CUST104145,26,102736.1,132929.38,701,60,No
CUST104146,40,63077.77,5000.0,452,72,No
CUST104147,23,53206.98,131943.88,583,60,Yes
CUST104148,37,38645.98,188563.03,603,36,Yes
CUST104149,32,56124.58,193238.35,693,48,Yes
CUST104150,65,34940.77,154641.82,696,48,No
CUST104151,21,122277.36,203355.81,737,60,No
CUST104152,37,69439.1,302763.27,703,60,Yes
CUST104153,23,68551.24,252738.28,562,84,No
CUST104154,46,84701.92,118648.74,810,84,No
CUST104155,35,94058.63,62933.76,794,36,No
CUST104156,56,93647.2,125630.92,566,48,No
CUST104157,52,96840.55,93181.03,709,36,No
CUST104158,52,54228.86,177080.85,626,84,Yes
CUST104159,24,62553.33,79128.39,692,84,No
CUST104160,38,89225.79,145630.65,774,24,No
CUST104161,39,56815.27,200280.84,850,72,No
CUST104162,63,69872.33,143958.25,747,84,No
CUST104163,55,79969.09,93221.17,706,48,No
CUST104164,60,89629.63,220488.84,649,60,No
CUST104165,34,25557.98,37261.14,696,12,No
CUST104166,53,87868.64,130332.3,802,84,No
CUST104167,34,64156.9,147500.4,675,24,Yes
CUST104168,54,87686.44,150954.52,600,72,Yes
CUST104169,24,89423.29,160829.76,534,12,No
CUST104170,44,110197.88,186626.39,726,36,No
CUST104171,49,103836.34,147875.55,702,72,No
CUST104172,39,103664.29,127916.5,621,36,No
CUST104173,26,106091.76,125544.64,772,36,No
CUST104174,53,77284.47,113309.05,642,60,No
CUST104175,60,70804.63,197252.6,667,36,Yes
CUST104176,39,91820.43,111208.29,678,84,Yes
CUST104177,21,88302.02,200806.27,648,12,No
CUST104178,25,62273.34,151139.94,701,24,No
CUST104179,47,80120.59,118724.71,783,84,No
CUST104180,36,69122.59,187104.43,577,60,Yes
CUST104181,26,48651.68,106352.76,723,24,No
CUST104182,60,102261.52,188291.04,695,36,No
CUST104183,33,71379.98,162763.57,693,48,Yes
CUST104184,55,121217.71,114220.52,758,72,No
CUST104185,39,29362.69,181718.09,684,60,Yes
CUST104186,32,56080.53,182795.38,723,36,No
CUST104187,36,70815.97,219451.18,744,60,No
CUST104188,63,98434.53,207968.82,634,48,No
CUST104189,30,79986.73,179476.44,706,12,No
CUST104190,45,77761.82,82344.54,657,84,No
CUST104191,40,41818.41,296915.22,668,12,No
CUST104192,51,41076.47,65783.03,651,72,No
CUST104193,24,78062.62,206955.79,722,12,Yes
CUST104194,64,35897.35,175877.03,687,84,Yes
CUST104195,43,56703.06,79551.46,715,84,No
CUST104196,22,82522.93,142541.94,678,48,Yes
CUST104197,42,45441.89,145274.83,535,24,Yes
CUST104198,57,110133.9,228334.96,682,48,Yes
CUST104199,28,100598.41,107201.35,685,48,No
CUST104200,27,30714.5,134283.3,701,36,No
CUST104201,34,46690.72,9835.82,626,12,No
CUST104202,23,20000.0,254085.77,572,60,Yes
CUST104203,36,50435.22,85771.91,736,84,No
CUST104204,39,89159.71,169614.65,655,72,No
CUST104205,38,59652.63,143915.53,695,24,No
CUST104206,36,81519.93,144119.94,654,84,No
CUST104207,28,31941.64,198591.72,679,60,Yes
CUST104208,53,89949.38,250275.75,639,36,Yes
CUST104209,32,56122.27,165089.62,592,36,Yes
CUST104210,31,70304.24,189304.68,722,24,No
CUST104211,25,67678.14,169733.49,625,60,Yes
CUST104212,47,38211.29,211051.89,694,24,Yes
CUST104213,32,41172.89,122225.02,716,24,Yes
CUST104214,37,94194.86,214523.43,627,12,No
CUST104215,26,79974.8,216629.99,571,60,Yes
CUST104216,53,96251.23,214952.22,850,12,No
CUST104217,25,78116.46,110391.13,632,84,No
CUST104218,48,73574.77,139899.74,736,12,No
CUST104219,34,26849.73,164368.02,850,84,Yes
CUST104220,25,63240.83,67749.48,751,72,No
CUST104221,53,69315.39,245695.21,652,12,No
CUST104222,61,118827.68,149263.41,673,48,No
CUST104223,39,87173.92,167035.67,605,36,No
CUST104224,42,108401.53,115379.73,759,36,No
CUST104225,25,84938.44,70387.35,730,48,No
CUST104226,22,52217.42,113758.21,633,84,Yes
CUST104227,50,72928.11,163152.25,586,84,Yes
CUST104228,59,75905.59,190405.73,561,24,Yes
CUST104229,24,46521.11,159707.49,768,60,Yes
CUST104230,53,60390.32,170803.44,690,60,Yes
CUST104231,33,64855.83,129778.42,699,60,Yes
CUST104232,40,110140.5,179774.91,605,12,No
CUST104233,27,20000.0,238969.97,548,60,Yes
CUST104234,35,100145.46,192287.37,766,60,No
CUST104235,43,46580.12,198572.51,683,84,No
CUST104236,34,35698.02,167640.98,761,60,Yes
CUST104237,43,99498.55,59810.7,645,36,No
CUST104238,39,88297.45,87320.01,658,48,Yes
CUST104239,49,101362.97,177292.55,744,72,No
CUST104240,40,90017.55,149343.66,745,84,No
CUST104241,49,121496.13,176390.57,751,24,No
CUST104242,44,83968.1,250585.41,653,48,No
CUST104243,38,66088.07,193562.16,735,60,No
CUST104244,30,78573.16,225533.17,779,24,No
CUST104245,61,101086.73,155680.88,670,24,No
CUST104246,28,50515.62,101567.06,633,48,No
CUST104247,46,53702.79,146528.03,800,48,No
CUST104248,49,62276.0,101714.89,621,48,No
CUST104249,30,20000.0,243497.7,736,84,No
CUST104250,37,73451.96,197423.46,674,84,Yes
CUST104251,22,22846.78,181230.75,514,72,Yes
CUST104252,26,71326.48,224156.59,781,48,No
CUST104253,25,91632.24,28796.62,431,72,No
CUST104254,48,58078.09,185288.28,501,12,Yes
CUST104255,61,111927.9,71361.25,727,36,No
CUST104256,25,33487.48,149564.66,727,72,Yes
CUST104257,38,99781.52,131297.54,622,36,No
CUST104258,46,86878.43,189704.2,693,60,No
CUST104259,40,27099.17,163691.24,452,12,Yes
CUST104260,61,137769.86,230707.03,743,24,No
CUST104261,47,68406.37,113886.17,702,48,No
CUST104262,32,48062.9,192546.86,675,60,No
CUST104263,27,34822.82,159733.39,681,24,No
CUST104264,23,64499.55,51882.58,724,84,No
CUST104265,30,66814.83,94883.01,677,36,No
CUST104266,54,72566.14,141007.32,511,24,No
CUST104267,45,62555.1,216737.55,850,48,Yes
CUST104268,55,85830.63,177823.38,788,48,No
CUST104269,36,60309.25,79949.95,564,72,Yes
CUST104270,22,21625.9,141581.03,648,72,Yes
CUST104271,44,66265.96,271068.39,658,84,Yes
CUST104272,30,20000.0,156673.4,777,36,No
CUST104273,58,78844.27,130360.47,485,48,No
CUST104274,42,45517.49,179504.38,635,12,Yes
CUST104275,46,74084.01,195803.58,521,60,Yes
CUST104276,63,102851.87,122629.9,654,36,No
CUST104277,59,46281.28,180154.49,637,36,Yes
CUST104278,47,96531.41,130266.63,687,24,Yes
CUST104279,49,59165.26,193159.66,625,36,No
CUST104280,58,113829.87,160181.59,612,84,No
CUST104281,40,60871.18,178918.07,735,60,No
CUST104282,47,48987.68,104448.99,720,12,No
CUST104283,61,87180.96,100722.82,729,24,No
CUST104284,40,59105.26,206729.84,664,60,Yes
CUST104285,64,48963.76,145236.22,628,72,Yes
CUST104286,39,58054.0,167102.08,669,36,Yes
CUST104287,40,68884.84,131616.27,725,84,No
CUST104288,55,103554.5,203923.61,484,48,Yes
CUST104289,22,21647.81,113531.4,715,72,Yes
CUST104290,50,70577.02,141863.93,707,48,No
CUST104291,54,85622.59,197159.57,685,60,Yes
CUST104292,42,74836.21,220378.06,666,12,Yes
CUST104293,23,102746.63,118574.44,449,48,No
CUST104294,26,68141.37,267581.04,640,84,Yes
CUST104295,35,65386.21,168794.5,841,60,No
CUST104296,47,84808.24,87424.3,681,24,No
CUST104297,30,72482.85,172143.12,652,36,Yes
CUST104298,29,60239.78,127020.05,681,12,Yes
CUST104299,53,82903.6,176044.11,711,84,Yes
CUST104300,52,53686.79,147428.63,739,84,No
CUST104301,26,54720.57,154456.42,659,12,No
CUST104302,61,56800.15,95304.4,718,24,No
CUST104303,56,103826.73,209403.67,830,12,No
CUST104304,22,20000.0,80632.36,770,60,Yes
CUST104305,49,79889.97,83474.11,850,12,No
CUST104306,24,70856.8,172041.62,620,12,Yes
CUST104307,21,27978.24,246170.65,830,12,Yes
CUST104308,39,77743.17,128844.41,608,60,No
CUST104309,46,81893.8,192058.34,711,72,No
CUST104310,45,84740.98,214400.41,745,36,Yes
CUST104311,30,20000.0,198881.07,634,48,Yes
CUST104312,35,104159.74,131327.5,687,72,No
CUST104313,42,51556.58,84537.2,761,12,No
CUST104314,41,87164.19,17547.15,616,24,No
CUST104315,42,88526.84,134229.57,830,84,No
CUST104316,56,48082.57,220685.24,555,24,Yes
CUST104317,54,86511.5,82550.04,850,60,No
CUST104318,50,60362.67,192012.59,770,36,No
CUST104319,45,20000.0,92990.85,671,12,Yes
CUST104320,65,99193.55,156364.35,643,60,No
CUST104321,48,50623.88,192467.5,634,48,No
CUST104322,21,48637.66,110430.27,667,36,Yes
CUST104323,65,59923.35,160229.08,675,36,No
CUST104324,24,76805.92,125094.52,792,60,No
CUST104325,27,68568.24,192308.92,850,72,No
CUST104326,29,83701.67,164119.03,697,84,No
CUST104327,56,36512.77,153390.46,603,24,Yes
CUST104328,39,51440.34,243501.0,630,72,Yes
CUST104329,21,67100.07,189738.37,663,36,No
CUST104330,30,117447.18,108578.89,587,24,No
CUST104331,56,67154.69,144848.17,573,36,Yes
CUST104332,29,97130.56,145446.07,850,84,No
CUST104333,65,70963.88,154819.17,707,36,No
CUST104334,62,57908.53,301470.56,605,36,No
CUST104335,52,63831.89,172251.11,753,48,Yes
CUST104336,52,65789.51,27845.85,573,24,No
CUST104337,26,85091.14,117432.06,581,48,No
CUST104338,58,104365.28,34057.67,607,24,No
CUST104339,37,78992.02,130212.1,828,84,No
CUST104340,30,99676.94,30761.39,657,84,No
CUST104341,47,45880.26,97704.57,460,48,Yes
CUST104342,55,59634.24,58756.71,788,48,No
CUST104343,41,51892.44,173049.61,652,48,Yes
CUST104344,45,77861.11,150032.36,513,84,No
CUST104345,48,61026.04,168177.74,651,84,No
CUST104346,35,88244.32,143726.92,726,60,No
CUST104347,24,46724.96,66342.13,716,48,No
CUST104348,49,71075.77,180811.28,841,72,Yes
CUST104349,29,87171.45,265333.47,603,72,Yes
CUST104350,47,20000.0,174552.75,684,36,Yes
CUST104351,46,123040.78,124444.52,617,12,No
CUST104352,39,62921.2,64315.97,541,48,No
CUST104353,48,20000.0,95515.98,759,12,Yes
CUST104354,37,73952.35,177182.38,721,12,No
CUST104355,63,70836.09,214387.08,705,36,Yes
CUST104356,61,67952.64,165651.97,718,12,No
CUST104357,62,94779.78,197993.24,618,84,No
CUST104358,40,88686.12,192460.69,589,12,Yes
CUST104359,65,77446.9,180392.06,683,84,Yes
CUST104360,60,81253.89,110491.58,784,84,No
CUST104361,59,67391.04,160435.41,824,72,Yes
CUST104362,43,114387.27,99097.33,751,84,No
CUST104363,52,33020.1,151045.74,682,12,Yes
CUST104364,53,73491.29,169851.81,704,24,No
CUST104365,25,71625.62,250727.03,681,48,Yes
CUST104366,63,90332.01,71416.08,587,48,No
CUST104367,54,48903.65,178890.46,682,12,Yes
CUST104368,60,26408.18,238874.2,559,36,Yes
CUST104369,31,73920.58,195530.87,668,24,No
CUST104370,23,77030.76,199976.73,827,36,No
CUST104371,53,107239.99,185261.69,754,36,No
CUST104372,31,38240.95,227900.07,596,12,Yes
CUST104373,36,98867.34,84751.31,673,60,No
CUST104374,38,129185.36,66844.4,604,12,No
CUST104375,50,60555.88,149619.95,674,72,No
CUST104376,30,37726.44,20330.27,773,60,No
CUST104377,38,59825.64,223838.75,738,84,No
CUST104378,58,70350.12,223242.91,850,24,No
CUST104379,39,84094.7,123998.97,787,60,No
CUST104380,56,55215.13,127753.76,698,12,No
CUST104381,33,108879.96,145659.15,740,12,No
CUST104382,23,42136.69,153121.24,661,36,Yes
CUST104383,30,26519.87,157630.44,578,12,Yes
CUST104384,58,97667.76,183493.93,797,84,No
CUST104385,21,20000.0,139642.42,770,72,Yes
CUST104386,47,64896.76,206591.6,658,12,No
CUST104387,28,147942.03,176756.87,704,48,No
CUST104388,62,69698.91,113582.19,791,48,No
CUST104389,37,41980.81,230106.76,756,36,No
CUST104390,29,68565.06,68504.58,548,60,Yes
CUST104391,26,68729.98,144470.05,701,60,Yes
CUST104392,63,74016.25,208015.04,664,48,Yes
CUST104393,45,86556.57,106615.61,780,72,No
CUST104394,59,44022.22,168573.34,772,24,Yes
CUST104395,48,112188.7,182600.38,798,84,No
CUST104396,53,76127.86,98368.57,579,84,Yes
CUST104397,57,88169.85,145651.34,609,84,No
CUST104398,29,54296.27,140609.77,780,72,No
CUST104399,38,102159.55,116895.73,626,48,No
CUST104400,41,63573.69,288100.49,543,84,Yes
CUST104401,22,76938.81,104213.62,727,72,No
CUST104402,63,46672.35,210295.82,630,24,Yes
CUST104403,58,45076.71,126431.94,841,60,No
CUST104404,60,87205.13,84801.83,706,48,No
CUST104405,56,58909.83,156168.85,694,12,No
CUST104406,63,48654.42,188945.6,646,84,Yes
CUST104407,57,53920.42,205230.57,823,24,No
CUST104408,35,87473.83,243735.91,712,24,No
CUST104409,48,54274.05,326714.78,643,24,No
CUST104410,38,67058.63,165030.85,608,60,No
CUST104411,54,70375.69,110214.47,673,72,Yes
CUST104412,42,22066.28,177172.46,592,36,Yes
CUST104413,31,33221.84,134027.22,772,84,Yes
CUST104414,33,78406.95,205557.97,517,12,Yes
CUST104415,24,51574.27,72170.14,667,84,Yes
CUST104416,42,96418.12,292100.07,734,48,No
CUST104417,27,94170.18,201362.89,710,72,No
CUST104418,63,87979.22,48959.76,615,24,No
CUST104419,44,115494.29,107458.27,739,84,No
CUST104420,24,67922.77,198964.86,600,60,No
CUST104421,48,86222.05,220580.64,677,24,Yes
CUST104422,35,55389.98,73665.74,738,72,No
CUST104423,21,131309.25,192781.55,721,48,No
CUST104424,23,119590.84,33159.61,619,12,No
CUST104425,34,70297.01,144639.85,787,24,Yes
CUST104426,58,79664.66,216722.81,687,84,Yes
CUST104427,21,103982.44,116909.06,746,84,No
CUST104428,58,66321.51,59584.66,817,60,No
CUST104429,58,53584.4,158772.89,780,60,No
CUST104430,41,91849.74,113716.87,780,36,No
CUST104431,49,71960.98,187773.5,697,60,No
CUST104432,25,74574.86,96880.41,751,36,No
CUST104433,30,49143.22,103641.79,699,12,Yes
CUST104434,48,27058.2,28739.86,571,48,Yes
CUST104435,41,75903.56,160196.68,707,36,Yes
CUST104436,27,92624.05,140345.7,703,24,No
CUST104437,23,64354.83,78696.92,732,72,No
CUST104438,65,105910.74,161627.92,668,84,No
CUST104439,40,52402.09,211624.22,611,24,No
CUST104440,39,43632.39,137065.92,739,84,Yes
CUST104441,55,68319.24,166090.02,561,48,No
CUST104442,24,67935.19,166398.67,811,60,No
CUST104443,25,89249.22,77740.21,659,72,No
CUST104444,21,50625.93,273395.15,702,24,Yes
CUST104445,24,104202.36,121749.01,730,72,No
CUST104446,32,119172.92,189366.97,733,36,No
CUST104447,47,69021.4,196152.92,553,48,Yes
CUST104448,62,101242.76,141624.29,754,24,No
CUST104449,43,43587.57,186407.7,707,60,Yes
CUST104450,45,96880.54,164749.15,622,72,No
CUST104451,41,96181.91,64941.61,612,60,Yes
CUST104452,44,91585.93,130063.64,649,72,Yes
CUST104453,45,69610.92,113246.95,563,24,No
CUST104454,65,20000.0,122295.3,835,48,Yes
CUST104455,52,53956.82,71759.81,813,12,No
CUST104456,52,54352.1,217586.02,720,24,No
CUST104457,25,45543.63,246119.56,659,60,Yes
CUST104458,56,73056.08,208680.18,662,12,Yes
CUST104459,62,59525.91,226231.75,748,48,Yes
CUST104460,62,49384.7,129321.91,838,60,No
CUST104461,59,43530.0,111824.59,628,48,No
CUST104462,36,52112.18,103284.78,579,72,No
CUST104463,53,98037.48,188643.9,819,24,No
CUST104464,41,53474.37,163623.78,519,48,Yes
CUST104465,29,57126.53,145366.7,589,60,Yes
CUST104466,26,58582.56,227708.91,657,24,No
CUST104467,65,78474.84,174296.48,539,84,Yes
CUST104468,55,81406.24,99680.54,780,60,No
CUST104469,59,20000.0,109145.47,757,60,Yes
CUST104470,42,95540.88,190919.6,628,84,No
CUST104471,61,105909.2,212503.97,795,84,No
CUST104472,25,43745.34,183100.81,810,12,No
CUST104473,62,45692.54,263813.32,669,36,No
CUST104474,43,58743.67,248100.43,639,48,Yes
CUST104475,37,51099.9,176462.15,850,48,Yes
CUST104476,32,75598.17,99685.16,744,12,No
CUST104477,43,21336.87,71400.75,703,72,Yes
CUST104478,36,42051.81,126757.1,802,48,Yes
CUST104479,23,108479.93,195192.81,707,84,No
CUST104480,50,46794.5,259598.82,634,12,Yes
CUST104481,42,101085.71,175046.82,687,48,No
CUST104482,29,78883.45,220123.37,773,48,Yes
CUST104483,49,24768.31,135281.55,500,60,Yes
CUST104484,57,85883.23,187366.15,654,12,Yes
CUST104485,43,67058.32,199401.41,804,84,Yes
CUST104486,33,58613.32,31224.34,633,72,No
CUST104487,52,76123.93,125193.67,819,48,No
CUST104488,43,81865.84,206982.02,807,72,Yes
CUST104489,65,87689.8,166468.1,674,36,No
CUST104490,37,99456.32,78209.1,628,12,No
CUST104491,60,80203.4,5000.0,654,12,No
CUST104492,41,35609.15,128053.16,850,12,Yes
CUST104493,22,58158.86,145704.86,848,84,Yes
CUST104494,57,143576.21,96964.62,691,84,No
CUST104495,26,88112.28,158585.1,625,60,No
CUST104496,64,129232.18,180383.2,690,12,No
CUST104497,38,104885.85,190241.23,701,60,No
CUST104498,50,76045.05,8644.86,568,84,No
CUST104499,42,77535.18,71142.89,687,36,No
CUST104500,53,69085.5,131722.64,799,24,No
CUST104501,50,26554.88,184330.39,518,60,Yes
CUST104502,37,70451.18,179354.04,754,48,No
CUST104503,63,100266.86,178312.2,803,12,No
CUST104504,52,55009.0,126994.92,629,24,Yes
CUST104505,62,80298.82,130341.99,832,60,No
CUST104506,34,91289.78,106300.24,617,72,No
CUST104507,30,47257.99,196091.65,719,84,No
CUST104508,56,58717.43,94770.67,652,72,No
CUST104509,54,44552.21,201002.18,652,48,No
CUST104510,29,49445.86,162471.19,624,24,Yes
CUST104511,62,37809.87,147297.33,742,36,No
CUST104512,48,47488.79,110597.38,756,60,No
CUST104513,31,105486.39,68667.49,674,72,No
CUST104514,34,47113.07,111140.83,557,72,Yes
CUST104515,59,73161.48,130199.59,716,60,No
CUST104516,39,57428.28,7858.54,717,72,No
CUST104517,35,99471.65,138158.69,660,36,Yes
CUST104518,48,102779.06,205461.44,848,72,No
CUST104519,44,91601.75,184033.07,539,60,Yes
CUST104520,28,77653.36,120227.65,480,12,No
CUST104521,63,64223.51,152816.18,614,72,Yes
CUST104522,29,40203.13,116630.13,743,60,No
CUST104523,53,118588.22,158925.64,584,12,Yes
CUST104524,53,51008.17,242406.47,591,72,Yes
CUST104525,39,86591.16,208109.93,765,72,No
CUST104526,23,96489.14,181247.66,721,60,No
CUST104527,30,56117.99,120426.91,713,48,No
CUST104528,60,95950.31,194996.3,750,48,No
CUST104529,62,89105.33,48787.38,641,24,No
CUST104530,21,113199.1,134858.79,645,48,No
CUST104531,49,58266.34,185022.69,752,36,No
CUST104532,54,37853.4,194425.27,558,24,Yes
CUST104533,33,57362.76,190193.07,487,48,No
CUST104534,21,75221.34,167689.84,641,12,Yes
CUST104535,54,71455.32,138256.5,763,84,No
CUST104536,49,60164.05,182278.56,703,60,No
CUST104537,33,22270.06,92828.34,757,48,Yes
CUST104538,49,81762.07,99319.36,498,12,No
CUST104539,59,119308.61,153704.08,708,84,No
CUST104540,44,81606.28,160391.86,738,24,No
CUST104541,46,85228.39,40463.09,558,60,No
CUST104542,37,84311.13,177308.78,757,48,No
CUST104543,27,79926.17,196363.7,669,24,Yes
CUST104544,33,93291.65,145362.89,850,48,No
CUST104545,25,79884.34,292467.98,484,24,No
CUST104546,46,62183.07,109023.89,803,48,No
CUST104547,23,50100.28,128334.77,644,84,Yes
CUST104548,27,63775.66,126295.99,534,12,Yes
CUST104549,59,77853.24,145428.74,632,36,No
CUST104550,21,62097.93,130276.51,704,84,No
CUST104551,37,77858.47,65591.37,773,12,No
CUST104552,63,80978.75,117207.1,834,60,No
CUST104553,45,90829.49,144142.76,807,48,No
CUST104554,23,102069.87,223714.32,593,36,Yes
CUST104555,35,71950.19,282134.6,781,84,Yes
CUST104556,49,37305.59,230128.43,715,36,No
CUST104557,63,61372.4,103477.26,621,60,No
CUST104558,52,71101.56,108251.42,660,60,No
CUST104559,46,24105.78,140440.29,616,36,Yes
CUST104560,36,104716.61,257073.53,683,60,No
CUST104561,45,73559.45,140074.56,614,60,No
CUST104562,48,79533.82,70349.55,587,48,Yes
CUST104563,29,104138.16,119929.37,723,12,No
CUST104564,21,54246.43,195423.36,736,72,No
CUST104565,49,84351.05,191396.42,663,24,Yes
CUST104566,42,67253.4,137987.0,803,36,No
CUST104567,36,65397.83,191004.88,656,24,No
CUST104568,61,50695.19,13609.67,652,36,Yes
CUST104569,64,111640.08,156229.75,739,36,No
CUST104570,61,60612.5,201641.13,668,12,Yes
CUST104571,27,87486.61,100028.2,687,84,No
CUST104572,34,23124.82,99819.69,453,84,Yes
CUST104573,49,99499.71,38013.11,681,36,No
CUST104574,39,96305.28,245393.74,515,36,Yes
CUST104575,39,72435.85,106790.76,570,12,Yes
CUST104576,22,64326.44,164462.6,559,60,Yes
CUST104577,61,80000.0,186235.02,586,84,No
CUST104578,65,127219.77,240724.08,630,72,No
CUST104579,35,25919.08,140766.13,636,24,Yes
CUST104580,23,89550.68,117634.21,739,36,No
CUST104581,31,47209.57,160384.06,700,12,No
CUST104582,50,69502.04,227044.82,508,36,Yes
CUST104583,60,63803.0,139789.65,687,84,No
CUST104584,38,59292.04,92707.86,708,12,No
CUST104585,22,69738.37,57554.53,650,24,No
CUST104586,52,41645.72,76722.16,674,48,No
CUST104587,28,95729.51,201863.49,697,84,No
CUST104588,42,25146.41,130762.53,748,60,Yes
CUST104589,26,83494.11,113548.75,538,48,No
CUST104590,32,61836.6,107041.97,658,12,No
CUST104591,60,40726.88,155102.75,815,36,No
CUST104592,56,75059.58,135632.69,807,60,No
CUST104593,35,31076.22,133612.07,756,84,No
CUST104594,48,70992.85,230959.44,728,24,No
CUST104595,65,34428.08,242280.98,828,84,No
CUST104596,38,81531.8,53398.7,850,72,No
CUST104597,22,46891.07,169655.56,668,60,Yes
CUST104598,33,58725.15,103388.27,592,36,Yes
CUST104599,65,77348.73,135104.93,655,48,No
CUST104600,35,50686.45,168556.7,850,12,No
CUST104601,40,68550.9,137236.8,538,48,Yes
CUST104602,49,32154.24,163827.59,637,84,No
CUST104603,62,85771.89,190378.21,552,60,Yes
CUST104604,49,114122.85,167674.61,691,72,No
CUST104605,23,139805.22,111189.82,571,36,No
CUST104606,39,72279.2,112248.02,670,12,No
CUST104607,23,89705.1,63617.68,504,36,No
CUST104608,34,25484.36,98764.78,735,36,Yes
CUST104609,60,107568.36,267724.1,790,72,Yes
CUST104610,24,89405.71,102479.79,645,60,No
CUST104611,31,57901.66,78397.27,667,48,Yes
CUST104612,51,100929.52,169195.67,665,36,No
CUST104613,63,63638.1,143378.11,696,84,No
CUST104614,52,58549.37,138264.41,676,84,Yes
CUST104615,47,81883.37,234542.76,749,36,No
CUST104616,50,43416.14,182947.6,790,36,Yes
CUST104617,63,95540.62,118200.42,606,12,No
CUST104618,22,43600.25,124531.44,652,36,No
CUST104619,29,43748.63,119844.81,761,84,No
CUST104620,48,47257.76,202484.38,552,36,Yes
CUST104621,51,88987.5,131511.14,502,60,No
CUST104622,54,54580.62,42410.79,700,84,No
CUST104623,35,36300.11,147100.82,724,36,No
CUST104624,45,54858.0,57778.44,614,72,No
CUST104625,56,69198.94,281053.84,627,72,No
CUST104626,28,40475.69,92059.93,611,84,No
CUST104627,29,41207.97,140288.11,601,36,No
CUST104628,57,122782.41,165492.16,742,72,No
CUST104629,65,48485.86,132680.51,573,60,Yes
CUST104630,59,61923.94,132598.18,656,12,No
CUST104631,52,60819.07,175309.64,598,72,Yes
CUST104632,37,59466.08,241572.96,549,84,Yes
CUST104633,55,85533.67,196050.54,758,72,No
CUST104634,57,93703.57,238710.83,633,48,Yes
CUST104635,39,62351.14,87202.85,696,60,No
CUST104636,64,39088.04,169041.76,544,72,Yes
CUST104637,49,101861.01,159314.76,613,12,No
CUST104638,27,67616.47,171065.48,748,48,No
CUST104639,48,113258.05,232573.92,850,84,Yes
CUST104640,29,20000.0,136752.65,502,84,Yes
CUST104641,48,74885.08,125669.8,661,36,No
CUST104642,26,117965.16,182038.85,717,60,No
CUST104643,49,61168.4,43307.84,624,72,No
CUST104644,37,64362.66,135788.88,756,36,No
CUST104645,36,77387.79,141948.14,601,60,No
CUST104646,43,56030.1,94778.48,693,84,Yes
CUST104647,51,62198.2,213423.54,633,48,No
CUST104648,23,61554.62,86265.58,789,72,No
CUST104649,41,54314.48,141847.62,619,84,No
CUST104650,46,100721.41,167589.43,648,12,No
CUST104651,56,81526.95,231207.09,765,60,Yes
CUST104652,62,76265.71,149366.61,587,84,No
CUST104653,57,90214.28,206169.22,686,84,Yes
CUST104654,42,63391.1,192035.72,515,12,Yes
CUST104655,62,50644.9,157407.45,582,36,Yes
CUST104656,32,54934.39,84629.2,714,84,No
CUST104657,62,70044.58,63925.15,590,36,Yes
CUST104658,33,43519.71,156390.32,630,48,Yes
CUST104659,31,57493.47,117438.19,724,48,No
CUST104660,36,57097.08,205155.67,627,24,Yes
CUST104661,28,123113.91,194751.39,754,24,No
CUST104662,60,20000.0,138923.34,699,48,Yes
CUST104663,60,65509.51,80537.22,719,72,No
CUST104664,65,113142.34,180644.13,791,36,No
CUST104665,22,73046.11,88923.03,708,12,No
CUST104666,50,88835.44,104492.16,818,84,No
CUST104667,50,72495.66,91235.06,762,84,No
CUST104668,32,53316.67,141689.94,632,48,Yes
CUST104669,30,20000.0,220211.54,796,72,Yes
CUST104670,64,75136.39,149697.55,703,12,No
CUST104671,31,50609.83,123406.88,644,24,Yes
CUST104672,35,49991.61,58463.1,705,12,No
CUST104673,36,57525.32,183127.48,780,48,Yes
CUST104674,37,113621.54,103175.72,720,36,No
CUST104675,46,130120.94,157051.06,844,48,No
CUST104676,22,75430.2,128746.88,777,84,No
CUST104677,32,58380.82,200290.63,727,84,Yes
CUST104678,46,40569.34,140565.82,587,60,Yes
CUST104679,43,81713.5,146464.42,663,72,No
CUST104680,38,114572.64,179144.83,686,72,No
CUST104681,52,63816.49,276416.41,742,72,Yes
CUST104682,58,20000.0,203306.82,737,60,No
CUST104683,23,86751.24,144683.63,695,60,No
CUST104684,58,94634.99,150191.88,690,36,No
CUST104685,23,30353.86,118508.43,744,72,Yes
CUST104686,50,74412.1,93000.26,602,48,No
CUST104687,21,81280.65,116834.95,832,60,No
CUST104688,50,68172.32,103671.06,495,48,Yes
CUST104689,65,50230.73,189202.1,810,24,No
CUST104690,52,95398.43,85728.31,675,72,No
CUST104691,48,59915.51,229992.63,770,60,No
CUST104692,41,32870.35,195122.78,712,60,Yes
CUST104693,33,20000.0,151230.1,711,36,Yes
CUST104694,47,101521.24,150019.12,729,48,No
CUST104695,56,85416.6,116563.12,752,36,No
CUST104696,27,72199.34,166205.06,650,36,Yes
CUST104697,42,58993.13,215285.55,773,48,No
CUST104698,30,56775.04,107810.61,582,24,No
CUST104699,59,43106.58,57996.47,679,48,No
CUST104700,35,59213.61,192193.1,755,24,Yes
CUST104701,35,20000.0,169461.96,769,36,Yes
CUST104702,24,51598.41,82788.07,721,24,No
CUST104703,52,62226.56,105996.52,644,72,No
CUST104704,43,85247.0,98453.74,760,24,No
CUST104705,26,69001.84,106528.06,619,24,No
CUST104706,44,89873.08,130579.03,837,60,No
CUST104707,40,103728.38,134007.16,672,60,No
CUST104708,57,96454.25,110952.38,541,84,Yes
CUST104709,40,81762.75,104510.17,572,36,Yes
CUST104710,32,70296.57,136272.94,683,48,Yes
CUST104711,53,45480.3,160061.49,692,24,Yes
CUST104712,48,88498.6,131022.21,850,72,No
CUST104713,28,111993.68,219520.02,586,60,Yes
CUST104714,21,78552.65,180485.26,683,48,No
CUST104715,57,117931.48,54549.25,584,72,Yes
CUST104716,42,31860.71,181423.67,635,24,Yes
CUST104717,26,41145.92,186332.64,831,48,No
CUST104718,41,91380.04,123915.9,577,84,Yes
CUST104719,52,76607.26,60288.14,732,72,No
CUST104720,55,102844.55,150484.01,715,12,No
CUST104721,35,69613.21,149537.48,677,72,No
CUST104722,25,48300.61,82701.23,726,72,No
CUST104723,26,64660.17,62926.85,575,24,Yes
CUST104724,45,31682.9,144746.79,829,48,Yes
CUST104725,60,41785.23,136015.37,850,24,Yes
CUST104726,49,94311.1,124964.08,684,24,No
CUST104727,27,91819.69,144995.36,850,12,No
CUST104728,60,79075.11,83833.42,644,84,Yes
CUST104729,33,26973.06,123910.76,716,72,No
CUST104730,58,61039.91,181999.5,808,48,Yes
CUST104731,38,39375.0,129001.8,638,84,Yes
CUST104732,22,99413.33,49681.65,555,36,Yes
CUST104733,28,55406.95,121638.46,534,60,No
CUST104734,31,42856.31,85790.49,850,84,No
CUST104735,53,70744.9,166028.18,632,24,No
CUST104736,58,53996.14,169130.24,663,24,Yes
CUST104737,47,107093.6,50473.52,579,24,No
CUST104738,40,51629.73,195540.78,765,24,No
CUST104739,32,35019.29,83268.82,609,60,Yes
CUST104740,63,20000.0,243550.94,635,36,Yes
CUST104741,51,69230.34,147073.42,706,12,No
CUST104742,47,55951.75,75216.39,584,36,Yes
CUST104743,52,34277.38,81480.84,663,60,Yes
CUST104744,30,99730.66,170885.72,806,48,No
CUST104745,23,86681.13,126522.01,718,12,No
CUST104746,65,69294.55,144200.77,691,12,Yes
CUST104747,47,104108.16,246766.81,699,48,No
CUST104748,55,86563.4,108045.36,644,72,No
CUST104749,51,49428.6,153597.77,850,24,No
CUST104750,35,44019.5,235190.67,606,60,Yes
CUST104751,36,90449.54,166230.81,698,48,No
CUST104752,33,79909.17,53603.84,690,36,No
CUST104753,55,74243.69,180323.34,770,36,No
CUST104754,31,48837.55,80219.83,779,72,No
CUST104755,41,85198.69,234408.45,677,48,Yes
CUST104756,31,51112.53,100627.94,706,60,No
CUST104757,50,67450.33,328170.57,709,72,No
CUST104758,55,106173.6,238042.56,475,72,Yes
CUST104759,42,53479.14,102203.25,536,72,Yes
CUST104760,58,30675.27,151200.83,625,12,No
CUST104761,51,43686.32,195218.66,629,12,No
CUST104762,34,94857.47,197019.63,572,24,No
CUST104763,44,76368.28,176540.18,747,60,No
CUST104764,52,66778.07,225129.54,680,36,No
CUST104765,56,57272.65,142621.86,660,36,No
CUST104766,52,82134.0,127996.94,566,24,No
CUST104767,35,48772.38,129188.16,675,36,Yes
CUST104768,63,77641.64,201502.39,443,72,Yes
CUST104769,55,51718.64,171910.86,665,24,Yes
CUST104770,23,47558.52,167477.02,685,24,Yes
CUST104771,36,54062.81,197714.05,701,48,No
CUST104772,25,60614.81,26936.86,539,12,No
CUST104773,41,68779.25,168604.13,700,60,Yes
CUST104774,30,75886.39,163114.13,586,60,Yes
CUST104775,39,20000.0,250128.48,606,12,No
CUST104776,45,49808.74,58284.72,744,72,No
CUST104777,24,60210.75,243431.2,850,60,No
CUST104778,49,107626.55,154524.55,684,36,No
CUST104779,39,42999.93,179339.37,606,36,Yes
CUST104780,63,74069.92,250555.13,696,60,Yes
CUST104781,22,107375.76,183645.68,764,84,No
CUST104782,30,37175.79,174022.1,735,84,No
CUST104783,63,79849.38,164537.47,850,48,No
CUST104784,45,49943.2,120991.31,615,60,No
CUST104785,40,57384.16,148290.65,702,24,Yes
CUST104786,39,49922.23,107069.23,819,72,Yes
CUST104787,43,51703.57,147325.99,813,24,No
CUST104788,44,138047.8,9844.16,504,12,No
CUST104789,31,91111.4,175742.37,679,72,No
CUST104790,54,97543.45,142695.76,813,72,No
CUST104791,48,82299.84,129827.78,850,36,No
CUST104792,25,29843.58,163185.49,743,72,No
CUST104793,25,79873.95,63986.16,646,48,Yes
CUST104794,41,96823.24,265756.2,589,60,No
CUST104795,32,48665.01,143833.95,850,24,No
CUST104796,24,94133.17,141249.33,745,36,No
CUST104797,62,87608.41,92076.23,603,84,No
CUST104798,40,116301.0,151436.78,661,36,No
CUST104799,58,59555.42,233217.59,707,48,No
CUST104800,45,42559.73,212154.97,728,48,No
CUST104801,34,60959.3,201266.27,599,48,No
CUST104802,31,105889.27,182783.94,624,48,Yes
CUST104803,52,24289.85,128487.45,531,84,Yes
CUST104804,31,20000.0,62990.21,773,24,No
CUST104805,38,72234.88,137937.67,649,48,No
CUST104806,47,58935.27,135847.71,721,36,No
CUST104807,38,70193.2,212927.67,808,36,No
CUST104808,43,93632.79,168563.43,699,84,No
CUST104809,31,56185.77,246738.69,669,72,Yes
CUST104810,41,23174.85,221849.31,697,60,Yes
CUST104811,64,121112.04,122610.26,685,36,No
CUST104812,25,45069.29,42292.25,792,36,No
CUST104813,43,43524.07,233134.51,707,84,No
CUST104814,61,97593.0,231563.11,631,24,Yes
CUST104815,45,60387.77,68027.3,774,72,No
CUST104816,61,68415.25,240554.4,790,36,Yes
CUST104817,30,82069.75,172927.03,559,12,Yes
CUST104818,42,97089.58,159641.13,817,36,No
CUST104819,39,61663.48,246887.0,712,60,No
CUST104820,21,107998.8,230681.11,705,60,Yes
CUST104821,27,20000.0,189079.86,770,72,No
CUST104822,24,88994.68,178393.02,628,72,Yes
CUST104823,21,49011.81,186983.66,765,48,Yes
CUST104824,35,104306.78,125996.55,646,24,No
CUST104825,60,73551.11,146693.91,547,60,Yes
CUST104826,32,53177.37,95860.97,590,12,No
CUST104827,42,86571.03,130017.61,731,12,No
CUST104828,42,92329.71,128001.97,594,48,No
CUST104829,37,86047.35,111881.68,824,24,No
CUST104830,49,44257.59,158204.79,787,24,No
CUST104831,34,57899.57,130561.15,800,72,No
CUST104832,40,69898.18,180134.08,691,36,No
CUST104833,53,68968.51,52660.76,703,12,No
CUST104834,63,88743.64,143198.71,572,12,Yes
CUST104835,35,20000.0,157893.1,769,84,Yes
CUST104836,32,78358.18,131362.25,714,12,No
CUST104837,60,62750.47,139656.44,731,12,No
CUST104838,40,49037.48,54885.24,831,84,No
CUST104839,50,51437.83,171388.63,625,60,Yes
CUST104840,58,64636.56,188856.36,668,24,Yes
CUST104841,23,20000.0,179612.24,709,36,No
CUST104842,48,52467.76,212323.62,595,60,No
CUST104843,46,48104.63,162091.78,663,24,No
CUST104844,50,83319.58,178720.87,724,48,Yes
CUST104845,33,49861.83,159365.44,650,12,No
CUST104846,33,64622.15,191253.04,797,36,No
CUST104847,22,108556.92,55366.22,544,24,No
CUST104848,57,94858.79,96385.14,781,48,No
CUST104849,58,92556.78,245213.98,739,12,No
CUST104850,22,57503.19,5000.0,628,48,No
CUST104851,56,83575.81,141589.32,596,84,Yes
CUST104852,46,64152.55,220336.5,492,48,Yes
CUST104853,31,65097.67,144404.36,608,60,Yes
CUST104854,28,80242.13,125699.34,774,48,No
CUST104855,64,55075.16,157765.3,674,60,Yes
CUST104856,60,107325.08,128812.79,784,72,No
CUST104857,63,65996.75,151850.97,624,60,No
CUST104858,42,85459.01,108997.14,743,84,No
CUST104859,40,106390.01,216520.47,615,84,No
CUST104860,28,95791.34,235395.9,593,48,Yes
CUST104861,49,34777.02,141996.58,670,24,No
CUST104862,60,81122.4,66810.63,620,48,No
CUST104863,46,91267.98,118569.41,541,48,No
CUST104864,50,92296.58,138960.68,663,24,No
CUST104865,37,42167.63,180332.33,689,12,No
CUST104866,40,53574.12,89519.21,794,36,No
CUST104867,36,94863.96,103850.26,764,72,No
CUST104868,63,50955.99,180640.57,789,12,No
CUST104869,27,62507.6,206334.53,744,48,No
CUST104870,36,109396.9,112704.36,709,12,No
CUST104871,65,68805.02,70006.98,569,36,No
CUST104872,47,51830.65,347047.09,693,84,No
CUST104873,43,48059.57,196998.25,733,12,No
CUST104874,44,78317.98,133979.77,811,36,No
CUST104875,29,36671.3,202141.88,741,12,Yes
CUST104876,55,63816.6,142532.6,791,60,No
CUST104877,40,78330.76,202029.41,587,48,Yes
CUST104878,57,102478.75,159563.59,650,36,No
CUST104879,62,86688.7,155476.31,718,72,No
CUST104880,37,52148.37,143185.09,784,48,No
CUST104881,51,99460.48,63157.12,666,60,No
CUST104882,28,62512.12,266285.69,672,84,Yes
CUST104883,35,39107.42,93507.96,741,12,No
CUST104884,51,65698.97,68398.59,578,48,Yes
CUST104885,50,105954.23,137228.41,824,12,No
CUST104886,40,74131.0,92311.69,600,12,No
CUST104887,59,70313.05,146897.23,507,48,Yes
CUST104888,32,110930.29,191265.83,680,36,Yes
CUST104889,37,34216.13,209718.17,832,36,No
CUST104890,62,37860.02,198883.84,732,48,No
CUST104891,50,29603.84,131662.08,747,36,No
CUST104892,49,79316.2,152975.51,683,24,Yes
CUST104893,39,74162.33,174472.74,666,12,Yes
CUST104894,31,108568.41,44532.75,540,48,Yes
CUST104895,54,76086.88,184235.08,476,72,Yes
CUST104896,27,59896.07,62562.04,697,60,No
CUST104897,64,70044.87,272420.8,798,84,No
CUST104898,54,72942.69,125729.09,710,48,No
CUST104899,40,28205.97,138907.49,736,48,Yes
CUST104900,58,137758.29,103817.57,822,12,No
CUST104901,44,82996.78,112201.8,709,60,No
CUST104902,30,75250.21,286445.61,668,12,No
CUST104903,52,85379.1,206422.18,606,72,No
CUST104904,35,87735.27,57047.85,850,84,No
CUST104905,57,66486.16,240252.77,727,36,Yes
CUST104906,40,54218.97,221594.54,595,48,Yes
CUST104907,23,84986.27,133127.25,574,12,Yes
CUST104908,57,79642.77,168401.82,792,84,No
CUST104909,60,49752.75,149103.36,586,72,Yes
CUST104910,28,105475.89,268354.79,846,72,No
CUST104911,60,77333.8,102222.59,431,84,No
CUST104912,64,88245.48,158760.64,808,24,No
CUST104913,43,104798.02,124311.28,723,48,No
CUST104914,60,70547.22,64017.58,690,72,No
CUST104915,31,77923.8,281498.3,664,84,Yes
CUST104916,28,90250.68,79106.01,850,36,No
CUST104917,49,51878.47,163207.75,743,12,No
CUST104918,50,71351.29,45557.96,598,12,No
CUST104919,30,73138.71,126055.77,525,24,No
CUST104920,59,46098.54,175318.13,695,36,Yes
CUST104921,48,127940.92,100515.96,679,72,No
CUST104922,56,34817.66,185208.11,543,84,Yes
CUST104923,33,37547.4,133857.53,675,24,No
CUST104924,52,102855.66,219604.95,628,72,Yes
CUST104925,56,87831.66,231705.65,680,72,Yes
CUST104926,57,44350.88,114795.31,745,48,No
CUST104927,46,85182.23,154603.97,814,60,No
CUST104928,42,106696.26,161007.25,761,84,No
CUST104929,24,69243.42,187160.96,615,72,Yes
CUST104930,51,134970.57,150862.92,713,12,No
CUST104931,38,26898.45,161412.66,685,72,Yes
CUST104932,58,87345.59,135395.61,560,24,No
CUST104933,44,99163.21,156914.39,715,84,No
CUST104934,43,92283.6,227876.41,847,72,No
CUST104935,42,64891.11,188764.99,682,84,No
CUST104936,22,62738.96,192075.34,536,12,Yes
CUST104937,51,81103.63,193384.22,682,12,Yes
CUST104938,31,90393.86,140771.47,570,24,No
CUST104939,48,85061.84,169129.62,757,12,No
CUST104940,52,96001.45,84889.58,727,36,No
CUST104941,25,44528.25,226128.46,664,36,Yes
CUST104942,58,64305.73,5000.0,650,60,No
CUST104943,30,46499.6,144771.1,660,84,Yes
CUST104944,60,60347.18,218453.76,680,36,No
CUST104945,44,95380.52,68167.92,610,24,No
CUST104946,55,72699.6,173986.8,555,72,Yes
CUST104947,64,135171.48,109154.01,782,36,No
CUST104948,43,74835.16,127871.8,645,60,No
CUST104949,37,71492.3,206756.46,695,84,No
CUST104950,21,72654.57,161883.42,705,48,Yes
CUST104951,51,54054.78,27938.65,708,48,No
CUST104952,51,68554.08,91414.47,574,24,No
CUST104953,62,98194.7,208520.14,529,60,Yes
CUST104954,62,72849.27,176936.56,627,36,No
CUST104955,54,50163.51,254888.13,715,60,No
CUST104956,29,46872.88,250958.86,614,12,No
CUST104957,42,58744.95,129465.29,648,60,Yes
CUST104958,33,71846.59,300194.27,850,36,No
CUST104959,45,99839.66,151468.78,513,24,Yes
CUST104960,38,36487.78,92239.89,612,12,Yes
CUST104961,32,62004.34,111981.61,850,60,No
CUST104962,60,73607.75,14596.49,675,48,No
CUST104963,37,24157.36,246421.14,616,36,Yes
CUST104964,35,49160.04,245685.72,785,24,No
CUST104965,62,53002.79,89069.55,684,72,No
CUST104966,35,50100.74,136326.94,648,36,No
CUST104967,35,74797.24,155736.45,697,60,Yes
CUST104968,59,65986.01,92378.82,620,84,No
CUST104969,33,56117.85,44693.88,588,24,No
CUST104970,37,80699.07,137378.54,669,48,No
CUST104971,52,113076.87,130735.23,589,12,Yes
CUST104972,29,110981.41,126695.33,680,60,No
CUST104973,60,21930.71,163362.96,711,24,Yes
CUST104974,40,84426.8,235771.18,756,12,No
CUST104975,46,65549.42,131814.44,781,84,Yes
CUST104976,47,73878.88,160226.58,643,24,Yes
CUST104977,41,60042.92,193612.23,724,72,No
CUST104978,38,72939.72,183248.58,724,60,Yes
CUST104979,33,73785.18,113134.59,709,24,No
CUST104980,36,55526.21,155782.63,636,48,No
CUST104981,29,47590.81,182852.39,587,84,Yes
CUST104982,32,58782.61,82298.92,725,24,No
CUST104983,64,75856.48,225812.34,526,60,Yes
CUST104984,58,84974.91,235895.33,655,24,No
CUST104985,39,91333.72,106633.18,450,12,No
CUST104986,27,57645.25,161620.2,559,12,Yes
CUST104987,55,77096.11,188536.7,601,84,No
CUST104988,38,94062.56,117263.15,778,72,No
CUST104989,36,99139.87,178896.83,741,36,No
CUST104990,59,68529.18,159795.34,630,84,Yes
CUST104991,24,64476.71,61924.91,745,72,No
CUST104992,45,74778.11,177549.68,759,84,No
CUST104993,52,41257.31,83991.46,665,36,No
CUST104994,60,65159.76,206352.17,555,48,Yes
CUST104995,33,88614.66,109727.34,661,12,No
CUST104996,65,86048.68,140322.87,671,36,No
CUST104997,37,63243.31,232336.73,569,24,Yes
CUST104998,57,75442.96,179782.9,713,48,No
CUST104999,26,49383.74,85231.56,705,60,No
